Student_ID,Attendance,Quiz_Score,Assignment_Score,Understanding_Level
S1000,97.36,53.17,73.69,Good
S1001,97.71,98.23,74.23,Excellent
S1002,99.52,50.0,85.85,Good
S1003,90.38,66.27,68.1,Good
S1004,59.41,83.98,67.66,Average
S1005,60.6,52.26,87.85,Average
S1006,67.01,54.17,89.0,Average
S1007,65.91,53.83,50.72,Poor
S1008,97.83,79.08,57.19,Good
S1009,89.45,94.8,60.65,Good
S1010,86.2,77.77,67.58,Good
S1011,59.3,80.18,64.57,Average
S1012,95.48,67.3,83.43,Good
S1013,91.39,50.94,91.41,Good
S1014,58.18,51.08,59.6,Poor
S1015,93.56,94.42,78.15,Excellent
S1016,63.61,55.13,68.39,Average
S1017,54.04,99.99,75.29,Good
S1018,82.84,58.22,81.04,Good
S1019,82.69,83.73,94.68,Excellent
S1020,54.75,97.45,59.61,Average
S1021,65.94,68.11,54.35,Average
S1022,99.64,86.72,81.36,Excellent
S1023,83.92,67.54,69.71,Good
S1024,86.5,65.25,58.15,Good
S1025,60.65,60.09,55.85,Poor
S1026,53.94,91.05,77.95,Good
S1027,63.85,62.87,65.02,Average
S1028,62.44,64.16,99.87,Good
S1029,61.73,99.95,70.3,Good
S1030,59.64,66.37,60.61,Average
S1031,78.74,71.14,81.44,Good
S1032,66.41,99.5,62.21,Good
S1033,91.02,68.47,74.7,Good
S1034,59.2,68.31,74.13,Average
S1035,73.23,91.39,72.68,Good
S1036,50.68,65.6,89.8,Average
S1037,74.08,61.69,60.83,Average
S1038,52.79,71.16,95.22,Good
S1039,98.89,85.03,89.57,Excellent
S1040,89.53,52.16,66.66,Good
S1041,74.51,68.7,59.03,Average
S1042,54.33,67.31,63.98,Average
S1043,79.62,62.24,66.63,Good
S1044,87.94,82.71,77.85,Good
S1045,59.54,64.5,52.32,Poor
S1046,78.41,80.34,95.72,Good
S1047,90.71,75.22,54.93,Good
S1048,88.41,60.86,63.96,Good
S1049,90.15,63.33,55.46,Good
S1050,93.97,58.53,62.83,Good
S1051,96.88,52.83,91.88,Good
S1052,70.28,80.96,80.76,Good
S1053,78.44,83.64,61.37,Good
S1054,89.53,58.3,93.59,Good
S1055,84.86,80.77,90.04,Excellent
S1056,99.78,99.1,87.68,Excellent
S1057,50.68,53.72,92.38,Average
S1058,67.76,74.52,80.98,Good
S1059,64.05,86.65,75.07,Good
S1060,63.12,52.3,68.7,Average
S1061,61.13,88.91,61.19,Average
S1062,85.46,98.98,77.87,Excellent
S1063,54.24,54.42,94.47,Average
S1064,87.08,91.11,79.7,Excellent
S1065,84.67,68.93,95.98,Good
S1066,62.54,57.21,67.85,Average
S1067,62.64,74.66,84.76,Good
S1068,81.44,53.58,82.43,Good
S1069,88.11,76.11,83.52,Good
S1070,93.82,50.97,82.25,Good
S1071,92.61,86.43,61.08,Good
S1072,98.24,74.4,57.18,Good
S1073,79.07,72.95,98.93,Good
S1074,95.43,59.81,52.26,Good
S1075,90.43,68.06,73.39,Good
S1076,94.73,59.09,71.25,Good
S1077,50.58,86.77,68.0,Average
S1078,98.3,59.95,89.1,Good
S1079,73.68,80.84,87.27,Good
S1080,89.91,63.98,95.26,Good
S1081,56.36,82.85,69.77,Average
S1082,69.8,77.02,78.21,Good
S1083,63.57,71.17,94.62,Good
S1084,64.58,83.65,99.69,Good
S1085,56.16,70.79,98.46,Good
S1086,90.29,91.07,85.89,Excellent
S1087,50.46,86.48,57.16,Average
S1088,65.63,77.03,51.16,Average
S1089,58.72,93.85,91.26,Good
S1090,79.45,91.44,92.05,Excellent
S1091,62.71,76.59,87.32,Good
S1092,62.95,53.42,64.0,Average
S1093,74.42,78.3,81.99,Good
S1094,82.63,67.76,65.81,Good
S1095,56.07,77.01,72.53,Average
S1096,58.78,82.36,69.12,Average
S1097,62.36,82.24,95.68,Good
S1098,98.69,83.68,61.71,Good
S1099,69.86,83.96,78.88,Good
S1100,79.95,55.46,68.05,Average
S1101,62.08,59.59,83.15,Average
S1102,74.52,81.53,78.23,Good
S1103,53.71,70.41,96.2,Good
S1104,51.74,88.14,55.08,Average
S1105,73.44,56.25,61.03,Average
S1106,69.93,59.58,88.32,Good
S1107,56.84,77.92,68.44,Average
S1108,84.38,75.04,58.29,Good
S1109,99.65,63.32,75.17,Good
S1110,69.78,70.42,82.61,Good
S1111,81.23,51.75,52.24,Average
S1112,98.15,51.85,64.58,Good
S1113,91.58,54.75,90.47,Good
S1114,73.18,78.84,76.01,Good
S1115,86.87,93.19,51.77,Good
S1116,56.41,63.01,64.1,Average
S1117,75.61,51.7,81.96,Good
S1118,63.95,85.43,59.97,Average
S1119,58.06,92.77,91.37,Good
S1120,71.31,56.91,83.83,Good
S1121,56.55,69.29,73.57,Average
S1122,84.95,57.94,95.78,Good
S1123,72.81,55.32,69.59,Average
S1124,76.56,82.41,61.75,Good
S1125,57.32,98.38,83.07,Good
S1126,56.99,83.91,78.66,Good
S1127,79.17,99.24,66.76,Good
S1128,99.25,71.72,67.18,Good
S1129,54.81,94.89,69.91,Good
S1130,64.29,60.25,64.56,Average
S1131,93.47,55.9,85.51,Good
S1132,53.61,85.13,82.57,Good
S1133,93.79,68.57,72.04,Good
S1134,76.21,65.88,69.89,Good
S1135,70.41,83.56,68.25,Good
S1136,65.48,66.67,64.17,Average
S1137,64.86,78.63,54.28,Average
S1138,65.29,64.97,63.41,Average
S1139,94.24,89.19,66.06,Good
S1140,86.19,65.62,77.38,Good
S1141,83.49,76.75,88.69,Good
S1142,89.94,51.16,69.79,Good
S1143,62.86,89.59,97.24,Good
S1144,80.9,81.02,91.37,Good
S1145,73.0,59.61,99.24,Good
S1146,89.12,60.77,93.81,Good
S1147,65.46,63.12,80.84,Average
S1148,82.16,78.83,79.92,Good
S1149,94.11,77.42,56.48,Good
S1150,70.11,63.69,86.12,Good
S1151,53.33,84.7,80.01,Good
S1152,75.8,94.45,75.35,Good
S1153,67.3,52.18,84.66,Average
S1154,83.61,70.86,72.2,Good
S1155,97.55,79.68,76.19,Excellent
S1156,74.28,79.32,69.92,Good
S1157,73.31,50.98,85.87,Good
S1158,82.73,60.53,93.83,Good
S1159,55.17,53.09,92.04,Average
S1160,62.68,78.45,89.3,Good
S1161,95.95,82.27,50.69,Good
S1162,83.5,57.99,95.59,Good
S1163,50.67,66.65,63.74,Poor
S1164,60.23,66.49,94.4,Good
S1165,84.14,90.99,59.85,Good
S1166,88.22,59.73,71.98,Good
S1167,91.99,77.42,87.47,Excellent
S1168,64.61,89.15,82.01,Good
S1169,96.55,91.48,70.8,Excellent
S1170,77.65,83.33,83.93,Good
S1171,84.83,64.98,77.45,Good
S1172,79.84,91.15,63.79,Good
S1173,56.14,87.11,82.32,Good
S1174,98.16,85.22,60.21,Good
S1175,56.14,53.37,84.7,Average
S1176,62.74,52.16,50.16,Poor
S1177,90.68,84.77,77.44,Good
S1178,80.93,97.24,70.05,Good
S1179,91.91,88.69,65.16,Good
S1180,75.79,91.57,75.79,Good
S1181,68.85,77.25,82.27,Good
S1182,96.09,65.23,98.27,Excellent
S1183,51.81,83.89,91.65,Good
S1184,92.81,85.6,85.86,Excellent
S1185,61.54,83.77,73.95,Good
S1186,92.44,97.34,69.61,Excellent
S1187,56.96,68.36,51.63,Poor
S1188,79.01,51.98,67.95,Average
S1189,94.41,95.42,92.42,Excellent
S1190,73.68,58.02,69.2,Average
S1191,87.33,84.87,73.08,Good
S1192,90.23,93.66,63.59,Good
S1193,86.82,65.51,63.71,Good
S1194,96.27,91.52,53.09,Good
S1195,72.34,66.6,80.69,Good
S1196,58.66,89.71,72.4,Good
S1197,52.39,53.49,80.3,Average
S1198,62.32,82.76,77.34,Good
S1199,57.16,83.86,89.94,Good
S1200,77.9,74.57,87.55,Good
S1201,59.25,84.35,88.57,Good
S1202,51.95,96.16,74.96,Good
S1203,51.8,86.69,67.69,Average
S1204,91.58,98.06,96.67,Excellent
S1205,79.57,72.43,52.71,Average
S1206,67.9,76.41,57.63,Average
S1207,94.71,63.19,70.98,Good
S1208,53.51,99.28,80.7,Good
S1209,99.02,52.76,50.41,Good
S1210,80.81,67.93,85.97,Good
S1211,59.17,64.88,77.94,Average
S1212,83.95,69.33,74.24,Good
S1213,88.17,95.89,71.17,Excellent
S1214,71.47,68.4,75.97,Good
S1215,93.08,95.85,58.09,Good
S1216,57.54,71.17,55.44,Average
S1217,63.94,92.74,64.48,Good
S1218,54.67,76.09,85.48,Good
S1219,60.54,65.57,79.41,Average
S1220,61.94,72.47,74.01,Average
S1221,95.88,71.22,78.58,Good
S1222,53.91,63.0,77.96,Average
S1223,71.37,64.48,65.35,Average
S1224,76.62,59.32,54.87,Average
S1225,94.93,66.8,94.84,Excellent
S1226,99.88,81.22,80.0,Excellent
S1227,87.67,69.33,84.89,Good
S1228,98.54,85.62,73.2,Excellent
S1229,89.36,99.35,87.82,Excellent
S1230,98.16,68.86,79.22,Good
S1231,85.36,73.13,52.69,Good
S1232,53.99,58.21,94.5,Average
S1233,70.1,69.61,65.28,Average
S1234,82.33,86.34,56.89,Good
S1235,67.54,60.87,54.4,Average
S1236,63.67,59.1,86.02,Average
S1237,78.87,68.82,85.2,Good
S1238,96.68,90.93,85.01,Excellent
S1239,51.75,81.18,95.79,Good
S1240,88.46,97.88,67.45,Good
S1241,86.14,95.23,78.06,Excellent
S1242,98.2,57.56,80.97,Good
S1243,96.54,52.13,98.97,Good
S1244,88.11,69.95,65.62,Good
S1245,76.02,76.1,97.82,Good
S1246,60.21,75.78,57.44,Average
S1247,77.26,56.71,88.2,Good
S1248,88.27,56.24,81.64,Good
S1249,94.78,52.34,90.84,Good
S1250,89.49,92.54,51.43,Good
S1251,59.76,97.39,53.91,Average
S1252,79.98,55.78,53.48,Average
S1253,66.61,60.66,79.65,Average
S1254,50.46,54.49,80.15,Average
S1255,60.01,93.88,95.31,Good
S1256,55.66,97.94,73.38,Good
S1257,92.14,63.09,53.4,Good
S1258,62.93,65.18,60.48,Average
S1259,64.23,68.13,50.4,Average
S1260,98.0,75.12,88.84,Excellent
S1261,68.95,84.12,90.78,Good
S1262,50.48,75.22,99.9,Good
S1263,64.19,97.55,70.61,Good
S1264,55.96,54.99,50.96,Poor
S1265,55.14,89.93,61.74,Average
S1266,53.87,66.72,79.39,Average
S1267,79.66,68.88,98.1,Good
S1268,59.47,85.44,55.18,Average
S1269,68.06,96.47,56.08,Good
S1270,93.1,85.81,85.09,Excellent
S1271,71.22,88.79,83.36,Good
S1272,95.78,87.54,62.53,Good
S1273,74.9,66.05,90.66,Good
S1274,69.94,87.85,56.44,Good
S1275,87.52,89.23,96.29,Excellent
S1276,53.66,76.67,60.05,Average
S1277,54.47,76.84,54.07,Average
S1278,82.6,87.99,66.98,Good
S1279,74.35,90.85,59.39,Good
S1280,89.52,66.86,76.35,Good
S1281,95.81,90.08,84.34,Excellent
S1282,69.42,90.71,74.55,Good
S1283,79.82,61.71,83.03,Good
S1284,75.03,85.85,68.25,Good
S1285,99.08,59.33,51.4,Good
S1286,91.55,54.65,98.7,Good
S1287,95.59,78.73,90.97,Excellent
S1288,62.72,95.43,53.67,Average
S1289,88.63,51.77,72.46,Good
S1290,63.27,91.33,81.75,Good
S1291,60.44,75.32,59.53,Average
S1292,97.21,93.04,78.9,Excellent
S1293,50.97,92.17,76.68,Good
S1294,98.27,93.76,60.41,Excellent
S1295,57.46,88.44,57.06,Average
S1296,90.97,92.15,87.95,Excellent
S1297,63.8,58.8,66.13,Average
S1298,67.54,65.19,62.2,Average
S1299,60.84,62.12,86.89,Average
S1300,79.28,87.12,86.8,Good
S1301,67.4,57.68,63.82,Average
S1302,82.87,59.11,93.63,Good
S1303,50.78,93.95,84.41,Good
S1304,53.22,85.29,67.29,Average
S1305,54.98,93.77,71.37,Good
S1306,70.95,56.97,86.34,Good
S1307,90.74,69.95,60.58,Good
S1308,94.41,64.16,73.44,Good
S1309,62.24,50.48,82.68,Average
S1310,78.72,64.23,76.97,Good
S1311,88.42,68.98,80.42,Good
S1312,64.44,54.61,77.31,Average
S1313,70.45,78.32,59.96,Average
S1314,76.2,69.16,70.51,Good
S1315,56.74,52.32,76.6,Average
S1316,51.3,85.2,89.0,Good
S1317,57.64,86.46,82.7,Good
S1318,81.34,91.72,71.33,Good
S1319,53.68,74.28,98.72,Good
S1320,59.48,98.43,55.39,Average
S1321,66.89,95.7,60.34,Good
S1322,53.89,77.57,67.07,Average
S1323,59.58,72.25,61.43,Average
S1324,95.56,50.15,81.27,Good
S1325,50.96,85.55,51.98,Average
S1326,82.67,78.25,58.87,Good
S1327,69.22,96.88,64.67,Good
S1328,83.63,79.71,84.17,Good
S1329,79.43,99.64,93.79,Excellent
S1330,61.17,92.69,89.92,Good
S1331,92.36,97.68,59.1,Good
S1332,74.6,66.38,78.27,Good
S1333,91.13,57.47,51.5,Average
S1334,70.3,89.84,65.53,Good
S1335,99.23,89.31,90.3,Excellent
S1336,88.52,60.57,72.83,Good
S1337,98.3,88.24,57.5,Good
S1338,75.72,79.1,71.93,Good
S1339,73.68,55.48,59.9,Average
S1340,87.77,75.09,69.66,Good
S1341,94.01,96.56,74.39,Excellent
S1342,98.21,75.32,67.48,Good
S1343,66.23,89.43,96.85,Good
S1344,89.94,51.45,78.13,Good
S1345,60.53,86.4,92.14,Good
S1346,77.28,97.34,88.04,Excellent
S1347,58.99,74.98,83.06,Good
S1348,67.37,66.89,74.84,Average
S1349,96.57,82.33,50.11,Good
S1350,57.3,95.81,80.67,Good
S1351,81.62,58.84,67.8,Good
S1352,79.65,70.18,55.89,Average
S1353,56.04,57.81,72.23,Average
S1354,66.3,74.83,86.78,Good
S1355,78.15,77.02,98.08,Good
S1356,59.36,97.21,68.71,Good
S1357,90.03,70.63,77.14,Good
S1358,98.61,78.35,92.56,Excellent
S1359,60.74,94.26,66.7,Good
S1360,59.35,66.07,57.11,Average
S1361,72.75,83.71,64.09,Good
S1362,87.39,87.86,94.96,Excellent
S1363,64.08,66.53,57.97,Average
S1364,50.99,58.22,66.46,Poor
S1365,77.06,75.15,73.23,Good
S1366,97.83,67.84,92.36,Excellent
S1367,69.56,63.32,96.89,Good
S1368,71.01,98.67,71.29,Good
S1369,98.45,75.11,96.6,Excellent
S1370,84.73,92.82,58.07,Good
S1371,85.96,59.77,57.84,Average
S1372,78.14,96.97,97.46,Excellent
S1373,98.73,89.72,75.48,Excellent
S1374,84.44,90.43,59.3,Good
S1375,94.75,69.49,74.4,Good
S1376,84.97,74.28,89.16,Good
S1377,86.76,79.67,91.35,Excellent
S1378,64.52,89.49,93.2,Good
S1379,65.17,92.45,78.48,Good
S1380,89.15,53.9,93.35,Good
S1381,64.84,95.2,75.5,Good
S1382,78.14,96.87,80.35,Good
S1383,62.47,79.64,87.94,Good
S1384,90.85,59.34,71.27,Good
S1385,55.53,90.92,53.68,Average
S1386,91.47,77.43,67.51,Good
S1387,80.14,90.86,81.2,Good
S1388,59.35,90.74,59.62,Average
S1389,77.1,54.34,57.42,Average
S1390,64.12,80.35,64.65,Average
S1391,66.17,74.16,51.61,Average
S1392,67.58,97.31,87.17,Good
S1393,53.17,64.83,62.94,Poor
S1394,99.3,60.3,56.21,Good
S1395,51.58,94.85,84.96,Good
S1396,83.12,57.44,92.15,Good
S1397,68.56,84.33,50.99,Average
S1398,82.3,65.0,61.68,Good
S1399,67.81,78.39,97.26,Good
S1400,83.69,80.81,69.26,Good
S1401,86.46,70.87,96.93,Good
S1402,84.53,98.75,63.71,Good
S1403,55.7,56.59,60.9,Poor
S1404,82.84,69.57,60.71,Good
S1405,64.0,71.52,54.26,Average
S1406,51.44,81.55,94.82,Good
S1407,70.74,70.36,98.99,Good
S1408,71.68,54.85,97.73,Good
S1409,73.36,97.37,92.6,Excellent
S1410,85.24,70.8,92.34,Good
S1411,65.44,67.13,83.05,Good
S1412,65.76,72.34,91.31,Good
S1413,53.03,60.83,60.42,Poor
S1414,84.34,55.01,69.4,Good
S1415,78.39,57.43,82.04,Good
S1416,67.47,58.33,93.74,Good
S1417,85.26,59.88,83.02,Good
S1418,76.87,71.0,91.95,Good
S1419,73.46,81.19,73.7,Good
S1420,75.57,81.44,85.87,Good
S1421,81.82,50.0,99.0,Good
S1422,83.0,96.05,57.67,Good
S1423,64.45,91.14,96.35,Good
S1424,57.04,98.2,76.12,Good
S1425,57.83,68.0,82.16,Average
S1426,81.97,83.24,93.89,Excellent
S1427,93.64,58.4,70.48,Good
S1428,70.47,90.85,70.93,Good
S1429,58.48,58.07,76.36,Average
S1430,87.83,66.3,50.96,Good
S1431,91.62,74.54,74.83,Good
S1432,94.03,79.73,64.55,Good
S1433,80.34,77.98,96.4,Good
S1434,93.04,55.1,54.39,Good
S1435,50.77,71.08,72.97,Average
S1436,55.36,96.15,97.37,Good
S1437,54.63,93.62,95.05,Good
S1438,85.63,79.54,85.07,Good
S1439,53.48,78.62,79.47,Average
S1440,74.82,55.58,64.04,Average
S1441,73.64,60.01,68.35,Average
S1442,65.54,62.63,54.51,Average
S1443,93.52,74.41,89.31,Excellent
S1444,58.52,86.57,66.19,Average
S1445,67.62,73.04,83.39,Good
S1446,88.71,56.3,67.88,Good
S1447,51.52,71.97,73.22,Average
S1448,83.65,58.13,77.75,Good
S1449,90.82,87.56,90.09,Excellent
S1450,96.61,58.33,60.56,Good
S1451,93.81,74.13,69.94,Good
S1452,65.97,84.67,56.5,Average
S1453,79.32,61.41,53.79,Average
S1454,53.86,53.8,80.23,Average
S1455,62.89,78.16,59.45,Average
S1456,54.71,52.71,52.99,Poor
S1457,65.76,79.39,94.85,Good
S1458,93.76,87.67,76.72,Excellent
S1459,67.36,66.47,56.73,Average
S1460,78.09,74.42,52.67,Average
S1461,71.67,96.44,55.99,Good
S1462,72.95,73.56,73.57,Good
S1463,98.48,99.83,83.42,Excellent
S1464,64.81,57.85,82.06,Average
S1465,81.37,85.45,57.22,Good
S1466,71.0,82.63,81.67,Good
S1467,53.06,93.62,70.24,Good
S1468,74.47,54.62,73.24,Average
S1469,90.67,64.01,90.07,Good
S1470,54.94,56.61,66.62,Poor
S1471,53.48,96.65,57.35,Average
S1472,57.68,71.33,93.67,Good
S1473,88.22,95.5,60.61,Good
S1474,86.2,64.72,64.7,Good
S1475,78.25,56.32,85.33,Good
S1476,73.41,64.83,84.18,Good
S1477,94.42,79.86,90.02,Excellent
S1478,88.33,92.26,59.19,Good
S1479,90.6,69.27,67.61,Good
S1480,90.66,95.74,56.29,Good
S1481,82.14,62.21,77.05,Good
S1482,72.9,84.68,64.63,Good
S1483,93.23,86.79,84.45,Excellent
S1484,96.3,63.7,50.02,Good
S1485,51.19,51.35,52.98,Poor
S1486,52.58,68.26,71.63,Average
S1487,97.94,52.26,97.91,Good
S1488,63.86,95.04,94.54,Good
S1489,93.67,97.68,99.7,Excellent
S1490,69.44,86.77,70.84,Good
S1491,55.96,86.33,52.33,Average
S1492,54.02,62.04,65.3,Poor
S1493,57.83,53.7,83.79,Average
S1494,62.49,90.11,56.76,Average
S1495,74.43,77.96,65.0,Good
S1496,85.07,84.08,52.81,Good
S1497,99.32,88.98,73.75,Excellent
S1498,72.08,70.47,60.45,Average
S1499,75.91,57.23,54.56,Average
S1500,76.09,89.75,70.56,Good
S1501,76.97,72.69,67.56,Good
S1502,75.89,91.35,76.88,Good
S1503,50.44,71.88,87.45,Average
S1504,50.09,60.85,55.63,Poor
S1505,54.88,58.55,89.56,Average
S1506,55.08,87.2,51.31,Average
S1507,85.24,78.74,72.16,Good
S1508,60.25,70.23,79.37,Average
S1509,94.74,74.61,97.85,Excellent
S1510,96.43,77.48,78.7,Excellent
S1511,98.79,61.97,57.94,Good
S1512,96.95,68.91,75.88,Good
S1513,63.59,64.62,69.79,Average
S1514,75.49,69.42,73.97,Good
S1515,58.77,75.03,59.85,Average
S1516,90.31,58.67,75.04,Good
S1517,94.42,69.68,57.5,Good
S1518,92.56,69.27,87.2,Good
S1519,71.67,64.3,79.7,Good
S1520,87.93,99.92,53.93,Good
S1521,54.88,53.68,94.48,Average
S1522,52.01,82.15,80.82,Average
S1523,87.66,58.72,65.81,Good
S1524,71.27,91.98,52.28,Good
S1525,99.78,95.71,81.61,Excellent
S1526,54.86,70.07,68.67,Average
S1527,92.78,91.17,95.38,Excellent
S1528,74.0,62.5,51.74,Average
S1529,91.36,57.0,51.96,Average
S1530,90.86,65.79,97.46,Excellent
S1531,95.8,67.08,98.24,Excellent
S1532,64.89,69.87,51.39,Average
S1533,97.49,68.65,85.8,Excellent
S1534,57.58,70.56,61.07,Average
S1535,54.1,85.5,85.07,Good
S1536,71.58,62.28,93.44,Good
S1537,91.42,50.93,55.04,Average
S1538,73.67,74.48,61.94,Good
S1539,91.46,72.41,51.2,Good
S1540,86.48,53.0,52.19,Average
S1541,60.47,56.69,51.48,Poor
S1542,97.44,75.5,90.03,Excellent
S1543,53.04,61.74,64.91,Poor
S1544,94.91,93.88,74.66,Excellent
S1545,65.22,58.66,89.39,Good
S1546,75.01,51.01,74.75,Average
S1547,71.12,72.38,71.46,Good
S1548,58.59,99.31,50.58,Average
S1549,67.91,81.69,78.4,Good
S1550,59.65,67.7,56.24,Average
S1551,60.19,50.84,88.23,Average
S1552,59.35,74.25,62.89,Average
S1553,74.45,60.32,83.71,Good
S1554,89.9,82.39,82.31,Excellent
S1555,78.45,79.15,80.83,Good
S1556,94.66,63.26,63.35,Good
S1557,81.83,53.44,63.35,Average
S1558,84.47,87.75,93.15,Excellent
S1559,83.38,79.27,50.64,Good
S1560,72.47,92.11,59.08,Good
S1561,84.47,62.99,80.51,Good
S1562,53.49,82.64,90.85,Good
S1563,92.99,55.93,67.92,Good
S1564,88.89,64.59,82.67,Good
S1565,62.26,82.83,77.86,Good
S1566,88.4,91.28,53.23,Good
S1567,50.63,66.05,81.09,Average
S1568,60.86,89.94,90.7,Good
S1569,53.26,83.89,99.62,Good
S1570,89.01,67.43,51.48,Good
S1571,87.79,93.82,83.0,Excellent
S1572,90.68,75.46,70.73,Good
S1573,50.22,82.41,50.49,Poor
S1574,75.06,74.78,80.72,Good
S1575,85.24,72.64,56.12,Good
S1576,57.77,92.4,68.93,Good
S1577,82.49,64.74,63.07,Good
S1578,54.21,51.83,68.06,Poor
S1579,59.07,93.99,74.63,Good
S1580,73.79,91.25,67.96,Good
S1581,82.68,68.33,77.64,Good
S1582,57.29,59.27,61.93,Poor
S1583,59.26,83.78,81.77,Good
S1584,60.22,53.94,92.69,Average
S1585,61.94,71.19,61.2,Average
S1586,61.33,54.29,75.39,Average
S1587,69.76,79.9,82.43,Good
S1588,82.69,51.36,78.23,Good
S1589,71.9,81.46,68.28,Good
S1590,88.8,83.66,82.11,Excellent
S1591,85.96,74.36,51.41,Good
S1592,56.33,58.75,68.5,Average
S1593,52.44,55.07,76.63,Average
S1594,93.9,65.66,51.03,Good
S1595,53.99,73.26,75.38,Average
S1596,57.42,82.11,82.71,Good
S1597,51.11,50.06,87.96,Average
S1598,81.42,85.55,55.67,Good
S1599,79.12,85.64,99.53,Excellent
S1600,99.35,72.23,80.31,Excellent
S1601,94.35,67.17,68.16,Good
S1602,70.54,92.12,62.45,Good
S1603,68.58,89.23,78.64,Good
S1604,64.84,99.16,94.09,Good
S1605,57.62,68.6,76.03,Average
S1606,56.9,95.34,83.07,Good
S1607,56.61,54.37,67.88,Poor
S1608,55.71,70.57,69.41,Average
S1609,62.03,73.27,64.31,Average
S1610,65.33,72.04,85.28,Good
S1611,98.08,81.25,67.96,Good
S1612,78.92,58.51,59.54,Average
S1613,99.38,93.32,68.47,Excellent
S1614,68.62,77.59,92.69,Good
S1615,72.88,95.21,86.91,Good
S1616,66.23,50.13,66.73,Average
S1617,59.14,81.5,95.34,Good
S1618,57.16,70.62,53.74,Average
S1619,97.25,75.25,52.49,Good
S1620,99.34,87.19,56.37,Good
S1621,52.25,61.36,55.82,Poor
S1622,57.52,60.24,54.39,Poor
S1623,71.18,85.15,83.07,Good
S1624,59.32,76.07,80.04,Good
S1625,68.19,61.68,82.38,Good
S1626,56.45,74.2,84.42,Good
S1627,72.83,72.98,87.84,Good
S1628,63.58,84.57,60.36,Average
S1629,67.6,50.13,81.12,Average
S1630,54.72,79.34,79.0,Average
S1631,71.41,80.28,97.18,Good
S1632,99.16,87.28,61.62,Good
S1633,66.44,94.46,52.94,Good
S1634,93.82,72.01,82.67,Good
S1635,92.16,67.13,87.01,Good
S1636,97.6,55.12,64.16,Good
S1637,89.51,66.84,78.54,Good
S1638,82.98,53.42,52.98,Average
S1639,92.83,90.14,98.0,Excellent
S1640,53.78,90.35,55.5,Average
S1641,73.14,70.86,53.38,Average
S1642,99.46,62.98,52.21,Good
S1643,88.48,55.9,71.36,Good
S1644,98.1,92.56,54.86,Good
S1645,88.98,93.87,87.23,Excellent
S1646,93.74,63.31,94.94,Good
S1647,85.33,81.09,63.01,Good
S1648,88.03,62.93,81.44,Good
S1649,76.16,61.26,52.12,Average
S1650,96.21,51.06,69.33,Good
S1651,91.25,78.86,64.65,Good
S1652,92.19,57.5,61.43,Good
S1653,83.65,50.62,82.24,Good
S1654,65.23,55.24,56.51,Poor
S1655,51.78,65.69,93.04,Average
S1656,96.78,83.46,83.24,Excellent
S1657,79.31,60.13,85.54,Good
S1658,64.91,94.38,96.77,Good
S1659,57.46,64.42,97.12,Good
S1660,91.48,66.56,77.58,Good
S1661,91.83,60.9,74.77,Good
S1662,90.73,62.69,66.77,Good
S1663,82.25,53.71,85.78,Good
S1664,68.3,64.74,76.91,Average
S1665,65.2,92.98,96.64,Good
S1666,50.43,84.42,61.93,Average
S1667,91.68,93.76,65.51,Good
S1668,54.37,55.24,65.8,Poor
S1669,81.54,72.78,90.3,Good
S1670,75.2,61.46,54.95,Average
S1671,76.33,86.06,72.78,Good
S1672,96.34,98.51,71.38,Excellent
S1673,51.58,90.77,53.66,Average
S1674,88.67,51.76,70.54,Good
S1675,52.6,65.83,75.67,Average
S1676,51.91,51.43,53.26,Poor
S1677,71.49,52.01,75.49,Average
S1678,53.15,53.98,97.96,Average
S1679,89.46,63.82,98.95,Good
S1680,76.48,65.21,76.58,Good
S1681,51.45,70.02,75.75,Average
S1682,52.03,70.25,64.28,Average
S1683,80.63,88.57,99.86,Excellent
S1684,90.31,57.07,63.71,Good
S1685,71.89,57.89,72.65,Average
S1686,77.73,81.33,50.15,Good
S1687,89.99,78.59,67.46,Good
S1688,80.53,57.7,53.57,Average
S1689,61.24,92.61,87.19,Good
S1690,80.65,66.45,78.05,Good
S1691,81.41,68.35,78.61,Good
S1692,86.71,71.02,64.33,Good
S1693,81.04,66.14,90.74,Good
S1694,98.46,77.87,50.16,Good
S1695,59.86,69.43,66.68,Average
S1696,97.55,62.97,82.97,Good
S1697,76.92,95.22,95.4,Excellent
S1698,83.6,65.42,61.73,Good
S1699,54.97,84.92,77.06,Good
S1700,69.03,67.36,76.9,Good
S1701,88.47,71.76,93.71,Excellent
S1702,85.35,61.8,52.53,Average
S1703,52.01,87.62,71.22,Average
S1704,77.33,86.86,59.12,Good
S1705,54.41,51.11,51.08,Poor
S1706,99.79,53.01,57.35,Good
S1707,94.86,96.12,98.82,Excellent
S1708,51.05,94.44,60.74,Average
S1709,92.93,75.3,96.75,Excellent
S1710,95.97,74.67,60.26,Good
S1711,67.68,90.62,96.56,Good
S1712,85.98,56.92,82.73,Good
S1713,72.11,82.68,55.66,Good
S1714,82.76,73.8,79.1,Good
S1715,67.02,87.17,65.93,Good
S1716,66.13,51.51,69.16,Average
S1717,71.22,79.64,72.01,Good
S1718,57.28,77.84,71.14,Average
S1719,91.56,92.04,83.21,Excellent
S1720,67.43,83.84,88.42,Good
S1721,70.01,94.01,66.46,Good
S1722,94.7,94.36,96.22,Excellent
S1723,74.83,70.41,96.92,Good
S1724,77.21,56.87,52.03,Average
S1725,97.82,81.51,50.75,Good
S1726,94.34,93.69,71.25,Excellent
S1727,58.47,53.75,79.53,Average
S1728,73.66,77.9,63.9,Good
S1729,98.56,55.75,62.97,Good
S1730,68.62,51.35,83.92,Average
S1731,68.58,83.98,80.09,Good
S1732,59.75,84.09,58.36,Average
S1733,55.72,80.03,94.23,Good
S1734,87.02,92.96,84.0,Excellent
S1735,88.5,54.04,68.13,Good
S1736,98.45,55.26,84.18,Good
S1737,88.67,93.23,55.63,Good
S1738,62.17,75.16,73.41,Average
S1739,52.01,63.65,58.45,Poor
S1740,99.27,86.91,52.07,Good
S1741,67.02,94.72,66.92,Good
S1742,65.6,84.48,57.54,Average
S1743,95.3,89.6,81.68,Excellent
S1744,79.25,64.12,83.7,Good
S1745,60.74,64.44,57.43,Average
S1746,94.45,93.21,51.23,Good
S1747,99.67,80.74,89.64,Excellent
S1748,54.33,61.71,50.1,Poor
S1749,93.11,76.21,67.2,Good
S1750,69.53,84.29,74.73,Good
S1751,76.2,60.93,90.93,Good
S1752,95.74,82.75,91.93,Excellent
S1753,98.67,52.11,86.25,Good
S1754,63.11,65.18,62.36,Average
S1755,60.64,83.7,86.01,Good
S1756,54.03,57.47,62.33,Poor
S1757,78.09,61.11,60.73,Average
S1758,50.68,93.95,77.36,Good
S1759,70.59,83.72,83.94,Good
S1760,53.67,74.95,52.65,Poor
S1761,70.26,60.54,53.0,Average
S1762,52.0,67.07,89.21,Average
S1763,91.76,78.72,92.97,Excellent
S1764,60.49,57.77,80.22,Average
S1765,66.42,74.09,71.44,Good
S1766,93.5,70.45,92.27,Excellent
S1767,87.31,73.83,86.44,Good
S1768,60.95,55.28,78.98,Average
S1769,53.59,55.32,65.99,Poor
S1770,85.78,98.21,59.9,Good
S1771,69.54,98.97,70.93,Good
S1772,88.3,71.31,64.34,Good
S1773,72.26,89.45,66.96,Good
S1774,67.3,82.79,75.78,Good
S1775,72.56,55.85,58.45,Average
S1776,87.43,64.83,90.31,Good
S1777,95.11,65.68,57.28,Good
S1778,52.49,79.79,74.05,Average
S1779,76.21,79.0,87.3,Good
S1780,51.64,96.18,74.25,Good
S1781,73.42,89.5,68.05,Good
S1782,94.26,92.84,73.74,Excellent
S1783,68.08,94.56,92.43,Good
S1784,96.62,90.06,99.52,Excellent
S1785,81.53,66.64,81.56,Good
S1786,96.71,60.75,89.67,Good
S1787,87.86,78.59,50.72,Good
S1788,55.17,84.48,94.02,Good
S1789,61.56,69.33,97.7,Good
S1790,69.71,92.42,78.76,Good
S1791,58.51,98.03,87.69,Good
S1792,74.75,78.47,75.64,Good
S1793,73.57,72.83,64.31,Good
S1794,97.81,92.14,92.61,Excellent
S1795,71.69,51.21,79.84,Average
S1796,89.28,56.45,78.97,Good
S1797,97.1,92.28,82.96,Excellent
S1798,93.85,86.6,92.8,Excellent
S1799,60.43,70.81,86.6,Good
S1800,74.8,94.44,60.56,Good
S1801,67.39,67.57,73.34,Average
S1802,69.99,81.69,99.01,Good
S1803,68.04,81.72,77.73,Good
S1804,91.32,59.22,96.91,Good
S1805,72.61,64.24,90.67,Good
S1806,76.18,95.8,83.3,Good
S1807,99.12,59.17,67.47,Good
S1808,53.0,58.68,65.22,Poor
S1809,74.4,73.98,82.17,Good
S1810,88.7,54.61,71.63,Good
S1811,57.56,94.73,89.94,Good
S1812,80.58,55.01,88.02,Good
S1813,61.97,80.83,65.61,Average
S1814,93.37,66.99,85.14,Good
S1815,66.35,90.21,74.73,Good
S1816,66.45,79.49,66.16,Good
S1817,79.91,69.42,70.65,Good
S1818,59.18,99.19,94.77,Good
S1819,64.24,53.31,67.98,Average
S1820,70.83,78.89,64.37,Good
S1821,67.68,99.48,67.59,Good
S1822,76.24,84.55,60.73,Good
S1823,79.98,86.99,77.23,Good
S1824,78.33,51.6,57.37,Average
S1825,82.71,51.07,90.87,Good
S1826,65.39,51.81,61.28,Average
S1827,56.32,99.59,79.9,Good
S1828,88.04,98.98,56.25,Good
S1829,92.54,66.73,98.92,Excellent
S1830,62.85,64.55,72.73,Average
S1831,70.35,57.3,91.11,Good
S1832,74.93,66.46,88.43,Good
S1833,76.67,68.51,85.68,Good
S1834,82.97,87.41,91.37,Excellent
S1835,52.08,93.31,55.02,Average
S1836,86.07,87.34,83.92,Excellent
S1837,53.1,82.32,63.29,Average
S1838,73.41,88.3,89.29,Good
S1839,91.38,86.92,97.84,Excellent
S1840,72.56,73.79,95.07,Good
S1841,57.45,66.79,55.75,Poor
S1842,99.25,64.14,68.48,Good
S1843,94.46,83.97,68.22,Good
S1844,88.57,97.97,56.11,Good
S1845,70.58,79.05,54.91,Average
S1846,59.19,95.63,69.24,Good
S1847,97.07,50.71,99.6,Good
S1848,76.62,89.72,78.45,Good
S1849,92.62,92.68,81.09,Excellent
S1850,67.1,81.55,73.55,Good
S1851,66.76,96.7,83.12,Good
S1852,99.28,79.5,97.83,Excellent
S1853,76.09,62.03,79.43,Good
S1854,57.03,60.79,53.25,Poor
S1855,60.98,77.79,74.64,Good
S1856,74.1,95.32,99.64,Excellent
S1857,52.12,53.62,69.37,Poor
S1858,73.13,80.22,79.69,Good
S1859,70.95,88.49,55.33,Good
S1860,88.97,55.77,57.06,Average
S1861,67.75,55.84,93.73,Good
S1862,99.13,68.31,65.02,Good
S1863,59.04,63.69,65.27,Average
S1864,79.55,59.92,69.36,Good
S1865,54.48,59.93,98.32,Average
S1866,86.69,56.53,54.22,Average
S1867,99.74,80.54,90.94,Excellent
S1868,90.96,84.41,67.08,Good
S1869,77.79,85.15,92.47,Good
S1870,74.24,76.62,99.59,Good
S1871,91.75,97.65,67.43,Excellent
S1872,96.8,94.03,56.47,Good
S1873,99.46,97.88,57.22,Excellent
S1874,69.83,69.44,87.94,Good
S1875,99.55,93.89,57.25,Excellent
S1876,57.8,88.14,63.02,Average
S1877,62.68,67.0,60.22,Average
S1878,54.45,55.33,67.78,Poor
S1879,63.59,84.13,53.72,Average
S1880,88.4,56.82,92.84,Good
S1881,92.65,64.69,93.01,Good
S1882,88.94,75.02,70.65,Good
S1883,81.55,83.99,80.6,Good
S1884,75.7,96.31,82.1,Good
S1885,85.44,79.66,87.46,Good
S1886,69.54,83.57,76.03,Good
S1887,92.07,65.5,75.52,Good
S1888,83.86,84.36,81.57,Good
S1889,84.89,71.89,85.15,Good
S1890,76.8,92.85,67.33,Good
S1891,94.26,69.62,66.52,Good
S1892,62.6,73.41,63.49,Average
S1893,69.06,71.63,77.44,Good
S1894,88.88,90.56,68.01,Good
S1895,74.64,97.68,77.02,Good
S1896,94.46,66.36,70.3,Good
S1897,67.32,73.75,91.84,Good
S1898,68.47,85.3,53.66,Average
S1899,94.44,94.77,78.61,Excellent
S1900,73.22,74.69,78.78,Good
S1901,75.81,55.44,69.19,Average
S1902,66.64,68.43,71.05,Average
S1903,63.83,77.52,90.01,Good
S1904,82.8,70.88,64.03,Good
S1905,55.99,59.33,93.57,Average
S1906,93.96,51.85,94.82,Good
S1907,88.96,84.37,82.53,Excellent
S1908,59.54,99.64,88.64,Good
S1909,84.7,95.96,80.65,Excellent
S1910,80.13,84.16,76.26,Good
S1911,59.23,92.08,98.33,Good
S1912,63.66,62.79,64.13,Average
S1913,70.45,81.12,57.71,Average
S1914,84.96,53.03,64.37,Average
S1915,81.94,85.36,80.73,Good
S1916,76.61,98.49,59.26,Good
S1917,88.42,93.04,95.44,Excellent
S1918,87.9,76.72,70.55,Good
S1919,80.89,89.44,92.5,Excellent
S1920,89.35,97.19,62.46,Good
S1921,66.71,60.8,65.66,Average
S1922,94.06,89.66,52.96,Good
S1923,80.75,63.49,62.89,Good
S1924,91.12,93.85,74.52,Excellent
S1925,77.31,54.92,97.31,Good
S1926,60.92,58.91,69.45,Average
S1927,77.12,86.03,81.99,Good
S1928,68.56,58.74,71.39,Average
S1929,84.87,57.9,52.34,Average
S1930,73.79,77.77,75.18,Good
S1931,91.81,91.75,53.3,Good
S1932,83.9,63.42,94.18,Good
S1933,84.23,92.06,87.65,Excellent
S1934,60.86,90.4,68.93,Good
S1935,99.21,78.96,82.01,Excellent
S1936,92.08,82.33,55.6,Good
S1937,89.45,52.02,85.13,Good
S1938,66.51,68.36,91.14,Good
S1939,76.78,63.17,91.09,Good
S1940,56.86,57.5,64.21,Poor
S1941,76.92,69.48,63.19,Good
S1942,57.29,67.75,76.07,Average
S1943,77.65,86.44,98.39,Excellent
S1944,82.44,79.9,96.03,Excellent
S1945,69.51,95.66,67.98,Good
S1946,74.93,57.27,88.99,Good
S1947,93.78,52.99,96.07,Good
S1948,55.43,76.73,63.05,Average
S1949,89.59,50.05,91.51,Good
S1950,58.54,89.39,63.39,Average
S1951,51.84,75.3,67.16,Average
S1952,59.28,74.4,59.94,Average
S1953,88.25,68.12,75.35,Good
S1954,70.26,68.75,92.17,Good
S1955,93.63,71.56,76.4,Good
S1956,76.24,50.8,56.17,Average
S1957,51.11,54.18,62.59,Poor
S1958,85.84,75.25,78.14,Good
S1959,55.51,57.51,79.16,Average
S1960,89.47,88.94,78.85,Excellent
S1961,58.41,63.72,53.85,Poor
S1962,67.27,54.89,87.68,Average
S1963,88.06,61.76,95.47,Good
S1964,97.71,67.85,75.53,Good
S1965,68.57,51.77,85.94,Average
S1966,91.47,57.08,95.7,Good
S1967,59.54,66.19,82.13,Average
S1968,90.36,65.52,83.72,Good
S1969,82.87,90.02,86.07,Excellent
S1970,59.64,92.16,63.03,Good
S1971,65.13,59.67,79.13,Average
S1972,56.59,56.2,92.11,Average
S1973,69.15,81.71,64.81,Good
S1974,60.18,90.23,94.86,Good
S1975,82.2,98.19,81.02,Excellent
S1976,99.73,50.34,71.16,Good
S1977,50.6,70.68,81.16,Average
S1978,77.05,86.7,70.09,Good
S1979,78.68,91.43,91.9,Excellent
S1980,95.71,53.11,74.12,Good
S1981,75.3,84.03,95.06,Good
S1982,77.19,64.45,75.49,Good
S1983,73.58,53.73,83.02,Good
S1984,63.45,74.46,99.89,Good
S1985,52.8,57.91,57.35,Poor
S1986,70.43,86.85,86.84,Good
S1987,52.63,87.06,56.94,Average
S1988,77.52,92.1,91.94,Excellent
S1989,65.36,68.88,79.82,Good
S1990,76.68,50.67,96.91,Good
S1991,56.71,62.99,93.3,Average
S1992,96.63,73.39,53.74,Good
S1993,94.73,84.7,56.87,Good
S1994,59.5,69.1,80.06,Average
S1995,67.17,76.8,75.92,Good
S1996,80.67,76.21,58.43,Good
S1997,54.78,58.25,56.47,Poor
S1998,67.73,81.15,78.2,Good
S1999,62.56,71.96,52.45,Average
S2000,95.78,90.4,93.69,Excellent
S2001,92.63,84.53,90.35,Excellent
S2002,78.99,55.57,89.27,Good
S2003,76.02,74.44,50.8,Average
S2004,96.54,85.12,52.38,Good
S2005,96.62,54.35,77.49,Good
S2006,98.47,89.62,99.72,Excellent
S2007,56.27,61.1,67.12,Average
S2008,58.03,75.15,67.22,Average
S2009,83.84,97.03,56.71,Good
S2010,77.07,78.57,83.72,Good
S2011,50.92,71.2,82.33,Average
S2012,53.1,50.34,55.07,Poor
S2013,94.4,56.67,73.37,Good
S2014,93.44,78.93,83.35,Excellent
S2015,67.86,74.69,74.68,Good
S2016,94.55,68.19,83.72,Good
S2017,79.68,96.16,90.81,Excellent
S2018,90.3,66.62,84.29,Good
S2019,71.37,76.86,80.81,Good
S2020,55.67,78.44,92.68,Good
S2021,71.69,76.37,95.03,Good
S2022,72.86,73.88,69.44,Good
S2023,77.55,66.85,58.66,Average
S2024,55.28,95.44,90.89,Good
S2025,99.57,72.54,60.69,Good
S2026,62.21,76.42,96.45,Good
S2027,59.93,82.82,51.14,Average
S2028,76.34,53.38,96.06,Good
S2029,76.86,89.06,79.46,Good
S2030,71.99,75.63,88.74,Good
S2031,88.59,82.86,69.92,Good
S2032,75.83,88.6,99.59,Excellent
S2033,80.48,93.7,61.38,Good
S2034,86.19,69.61,63.22,Good
S2035,51.25,90.57,52.57,Average
S2036,78.53,62.94,97.02,Good
S2037,94.21,83.02,72.8,Good
S2038,50.87,55.14,83.74,Average
S2039,70.26,51.0,84.37,Average
S2040,96.31,54.79,93.73,Good
S2041,67.66,65.97,83.25,Good
S2042,72.94,51.55,78.1,Average
S2043,99.08,81.52,85.52,Excellent
S2044,59.97,65.83,87.55,Good
S2045,53.26,86.82,59.3,Average
S2046,92.97,52.3,55.48,Average
S2047,93.42,60.84,53.74,Good
S2048,73.6,70.4,68.7,Good
S2049,75.71,69.13,74.9,Good
S2050,91.79,56.55,80.78,Good
S2051,86.93,99.71,97.9,Excellent
S2052,63.26,64.22,66.54,Average
S2053,50.84,86.05,88.04,Good
S2054,73.99,61.0,76.57,Good
S2055,92.95,93.89,61.0,Good
S2056,94.79,69.39,80.77,Good
S2057,97.81,95.05,98.36,Excellent
S2058,93.98,67.09,56.22,Good
S2059,79.0,50.43,75.36,Average
S2060,72.23,75.85,52.58,Average
S2061,88.74,76.24,66.06,Good
S2062,86.99,55.99,81.03,Good
S2063,76.91,61.75,92.05,Good
S2064,54.37,89.17,86.52,Good
S2065,96.3,51.84,73.14,Good
S2066,72.78,74.48,95.46,Good
S2067,68.17,76.52,65.14,Average
S2068,81.48,84.44,87.7,Good
S2069,83.69,51.87,73.7,Good
S2070,60.53,79.28,94.93,Good
S2071,91.85,50.15,89.87,Good
S2072,64.5,63.26,95.07,Good
S2073,59.33,74.98,60.71,Average
S2074,70.32,95.56,83.41,Good
S2075,86.53,56.33,86.92,Good
S2076,98.27,58.46,87.12,Good
S2077,90.46,83.46,75.2,Good
S2078,97.02,68.74,50.56,Good
S2079,57.03,81.17,63.07,Average
S2080,53.56,99.87,66.17,Good
S2081,77.89,99.34,92.6,Excellent
S2082,64.51,67.69,92.04,Good
S2083,91.4,75.2,55.23,Good
S2084,83.6,95.23,97.49,Excellent
S2085,98.54,54.61,59.12,Good
S2086,62.74,72.62,70.72,Average
S2087,74.29,68.88,60.76,Average
S2088,75.06,64.74,93.02,Good
S2089,61.96,99.71,87.47,Good
S2090,79.5,86.68,67.68,Good
S2091,72.16,69.44,84.09,Good
S2092,72.34,91.45,59.22,Good
S2093,68.14,74.48,69.11,Good
S2094,50.85,93.64,68.86,Average
S2095,76.1,63.32,61.9,Average
S2096,66.76,61.18,93.82,Good
S2097,50.07,62.36,83.94,Average
S2098,65.4,76.92,64.0,Average
S2099,63.93,64.57,62.11,Average
S2100,69.67,57.36,50.9,Average
S2101,56.59,99.73,67.33,Good
S2102,75.38,95.02,76.34,Good
S2103,84.62,81.75,63.89,Good
S2104,81.51,94.58,85.02,Excellent
S2105,90.19,96.77,70.59,Excellent
S2106,72.6,83.81,65.82,Good
S2107,75.95,75.93,96.95,Good
S2108,90.52,94.1,63.14,Good
S2109,71.39,78.39,69.91,Good
S2110,85.08,56.34,69.11,Good
S2111,71.73,68.34,62.06,Average
S2112,70.89,72.3,60.87,Average
S2113,88.01,96.77,65.12,Good
S2114,58.74,82.96,93.21,Good
S2115,66.93,93.76,88.35,Good
S2116,61.21,87.88,84.05,Good
S2117,67.96,65.49,72.86,Average
S2118,61.52,85.94,75.39,Good
S2119,78.97,59.76,63.36,Average
S2120,89.91,70.41,53.72,Good
S2121,89.33,90.3,66.55,Good
S2122,68.23,80.6,74.78,Good
S2123,99.44,91.27,52.87,Good
S2124,79.69,62.74,54.41,Average
S2125,69.97,87.49,63.15,Good
S2126,91.78,60.12,68.35,Good
S2127,86.49,77.27,69.67,Good
S2128,87.46,71.68,55.89,Good
S2129,59.81,77.82,61.29,Average
S2130,73.42,56.78,63.08,Average
S2131,93.09,68.06,53.38,Good
S2132,75.2,83.35,66.3,Good
S2133,84.17,77.93,53.61,Good
S2134,79.4,77.45,85.17,Good
S2135,92.12,75.54,69.3,Good
S2136,64.23,97.19,66.34,Good
S2137,78.77,96.73,56.33,Good
S2138,56.16,68.01,61.33,Average
S2139,84.51,67.59,61.64,Good
S2140,86.6,77.74,99.26,Excellent
S2141,52.14,54.78,91.77,Average
S2142,83.79,65.15,50.76,Average
S2143,70.73,61.54,80.84,Good
S2144,56.2,61.17,62.8,Poor
S2145,71.0,81.93,55.22,Average
S2146,59.71,69.22,85.28,Good
S2147,70.78,58.56,56.58,Average
S2148,69.22,94.38,72.19,Good
S2149,86.92,93.71,81.61,Excellent
S2150,88.71,93.12,77.72,Excellent
S2151,80.35,69.54,98.88,Good
S2152,51.13,52.85,89.29,Average
S2153,96.55,55.34,88.71,Good
S2154,84.31,63.8,67.78,Good
S2155,51.71,61.0,50.42,Poor
S2156,90.94,93.7,86.72,Excellent
S2157,60.01,99.32,99.99,Good
S2158,78.96,90.83,70.29,Good
S2159,73.33,86.49,99.28,Excellent
S2160,70.99,79.43,57.09,Average
S2161,94.49,88.5,64.83,Good
S2162,71.87,97.35,58.54,Good
S2163,53.77,80.07,73.76,Average
S2164,97.33,57.73,89.85,Good
S2165,96.03,58.19,67.03,Good
S2166,84.22,79.19,95.31,Excellent
S2167,73.39,66.67,77.24,Good
S2168,54.64,95.51,73.27,Good
S2169,89.54,80.58,89.35,Excellent
S2170,53.77,83.82,55.07,Average
S2171,53.43,50.29,88.69,Average
S2172,76.87,74.94,62.15,Good
S2173,58.01,71.56,64.04,Average
S2174,50.39,85.29,79.97,Average
S2175,71.16,69.13,95.1,Good
S2176,56.86,98.83,78.92,Good
S2177,58.03,83.51,82.45,Good
S2178,53.85,83.0,88.83,Good
S2179,60.25,95.97,62.97,Good
S2180,85.77,99.76,91.36,Excellent
S2181,90.45,59.89,70.9,Good
S2182,72.63,90.53,58.78,Good
S2183,75.33,58.12,67.51,Average
S2184,51.63,72.85,62.31,Average
S2185,53.47,55.01,61.44,Poor
S2186,62.88,81.17,64.13,Average
S2187,77.19,73.43,59.05,Good
S2188,86.98,81.43,83.39,Good
S2189,80.25,83.9,79.0,Good
S2190,69.61,80.97,82.42,Good
S2191,55.92,64.7,67.19,Average
S2192,89.04,91.85,88.49,Excellent
S2193,68.19,77.58,56.48,Average
S2194,86.8,74.49,78.56,Good
S2195,75.65,99.35,63.77,Good
S2196,86.93,64.18,76.38,Good
S2197,95.36,76.4,66.18,Good
S2198,96.05,84.12,89.53,Excellent
S2199,76.76,56.26,94.56,Good
S2200,75.58,67.71,87.13,Good
S2201,63.28,90.08,58.78,Average
S2202,96.79,61.84,63.74,Good
S2203,72.9,74.66,95.97,Good
S2204,56.38,81.53,71.86,Average
S2205,71.64,83.56,97.06,Good
S2206,56.35,86.42,69.62,Average
S2207,75.13,93.3,97.59,Excellent
S2208,78.06,69.64,96.29,Good
S2209,66.89,85.33,83.03,Good
S2210,53.58,86.61,50.44,Average
S2211,97.18,65.01,70.02,Good
S2212,88.67,98.41,95.56,Excellent
S2213,91.94,93.26,94.26,Excellent
S2214,68.34,64.49,59.37,Average
S2215,88.04,83.75,69.96,Good
S2216,74.27,85.89,91.78,Good
S2217,60.05,71.57,78.89,Average
S2218,56.22,93.19,92.36,Good
S2219,67.25,84.51,91.33,Good
S2220,56.88,82.91,95.37,Good
S2221,99.91,61.04,55.86,Good
S2222,52.46,70.39,57.26,Poor
S2223,72.06,71.7,54.14,Average
S2224,72.6,86.68,96.76,Good
S2225,65.03,80.92,73.76,Good
S2226,78.57,54.29,53.22,Average
S2227,57.5,65.38,66.08,Average
S2228,89.2,73.65,67.57,Good
S2229,66.62,86.84,90.48,Good
S2230,79.57,87.18,86.77,Good
S2231,85.78,74.53,84.47,Good
S2232,94.45,55.85,51.09,Average
S2233,91.79,64.65,95.53,Good
S2234,80.42,62.73,60.78,Average
S2235,69.42,89.05,81.45,Good
S2236,75.16,59.0,53.09,Average
S2237,88.44,73.25,54.08,Good
S2238,93.88,83.54,50.48,Good
S2239,55.19,98.24,78.3,Good
S2240,69.24,99.96,81.47,Good
S2241,88.81,97.65,52.52,Good
S2242,71.58,85.91,64.52,Good
S2243,66.61,87.32,92.57,Good
S2244,70.57,87.96,55.07,Good
S2245,80.14,93.13,60.83,Good
S2246,99.99,97.59,71.22,Excellent
S2247,74.65,72.29,92.11,Good
S2248,60.42,70.83,62.74,Average
S2249,58.14,73.02,99.86,Good
S2250,52.12,82.99,67.76,Average
S2251,77.94,88.77,69.32,Good
S2252,77.23,93.53,56.11,Good
S2253,60.26,72.81,84.01,Good
S2254,84.77,68.17,62.17,Good
S2255,87.06,99.17,81.44,Excellent
S2256,62.95,61.59,61.16,Average
S2257,67.2,61.1,69.39,Average
S2258,99.52,85.77,92.83,Excellent
S2259,68.71,58.98,86.95,Good
S2260,88.04,69.97,57.73,Good
S2261,72.64,64.62,80.39,Good
S2262,89.67,58.44,81.43,Good
S2263,88.45,78.99,54.53,Good
S2264,83.39,68.68,73.29,Good
S2265,92.74,73.11,63.03,Good
S2266,96.96,59.79,73.36,Good
S2267,79.0,88.39,88.85,Good
S2268,61.87,65.74,57.91,Average
S2269,69.93,67.14,56.17,Average
S2270,87.92,62.61,63.47,Good
S2271,82.54,71.72,97.61,Good
S2272,58.89,73.18,87.39,Good
S2273,52.56,76.48,50.97,Poor
S2274,84.15,98.38,70.05,Good
S2275,62.55,95.23,62.87,Good
S2276,74.98,80.47,81.91,Good
S2277,87.34,51.95,72.96,Good
S2278,78.13,80.61,98.22,Good
S2279,54.17,54.48,60.95,Poor
S2280,59.28,85.52,79.39,Good
S2281,60.97,69.5,85.01,Good
S2282,62.89,91.88,91.28,Good
S2283,78.27,97.13,70.35,Good
S2284,75.2,70.86,84.35,Good
S2285,60.16,73.03,65.16,Average
S2286,53.38,79.51,71.77,Average
S2287,58.57,59.86,94.78,Average
S2288,99.22,96.37,97.5,Excellent
S2289,73.43,71.65,85.94,Good
S2290,93.37,58.34,68.72,Good
S2291,92.44,88.14,91.0,Excellent
S2292,75.58,60.96,51.29,Average
S2293,85.33,57.18,55.14,Average
S2294,59.64,78.14,83.07,Good
S2295,84.42,83.57,64.56,Good
S2296,63.62,78.48,97.57,Good
S2297,91.6,82.83,71.8,Good
S2298,54.19,55.78,71.47,Poor
S2299,88.66,73.8,83.9,Good
S2300,55.0,67.85,88.38,Average
S2301,94.06,98.67,73.78,Excellent
S2302,65.21,52.48,60.7,Average
S2303,82.72,64.91,88.67,Good
S2304,74.38,97.09,66.02,Good
S2305,68.32,99.17,58.76,Good
S2306,82.27,91.25,81.58,Good
S2307,97.38,53.8,54.52,Good
S2308,52.06,78.07,98.57,Good
S2309,95.94,70.01,81.62,Good
S2310,80.45,90.32,99.29,Excellent
S2311,90.37,52.75,66.94,Good
S2312,69.19,59.86,98.56,Good
S2313,73.59,74.46,57.28,Average
S2314,93.44,57.88,52.03,Good
S2315,70.74,84.64,51.65,Average
S2316,76.73,91.04,73.24,Good
S2317,51.01,85.23,54.15,Average
S2318,57.93,72.01,75.61,Average
S2319,82.08,93.92,66.38,Good
S2320,85.85,56.88,66.78,Good
S2321,79.13,63.02,81.78,Good
S2322,57.17,74.48,58.15,Average
S2323,72.27,53.07,88.33,Good
S2324,67.75,54.78,79.1,Average
S2325,74.78,69.87,95.75,Good
S2326,93.52,97.19,68.24,Excellent
S2327,88.79,95.42,99.14,Excellent
S2328,54.2,73.3,78.79,Average
S2329,94.52,57.11,98.67,Good
S2330,73.59,58.91,51.35,Average
S2331,87.19,68.88,86.4,Good
S2332,57.0,60.5,90.83,Average
S2333,83.54,54.15,52.66,Average
S2334,61.82,83.69,78.95,Good
S2335,71.92,79.07,90.1,Good
S2336,50.84,64.56,78.05,Average
S2337,57.58,88.95,53.19,Average
S2338,54.6,88.8,84.67,Good
S2339,61.99,74.55,53.03,Average
S2340,55.0,54.83,90.87,Average
S2341,84.6,95.92,52.15,Good
S2342,51.45,83.43,56.87,Average
S2343,80.89,62.35,63.76,Good
S2344,57.04,80.52,81.67,Good
S2345,97.26,70.25,98.82,Excellent
S2346,96.65,81.77,55.89,Good
S2347,61.28,73.69,57.14,Average
S2348,80.72,74.27,68.44,Good
S2349,51.4,86.79,91.81,Good
S2350,96.59,80.69,73.36,Good
S2351,76.15,54.0,66.08,Average
S2352,52.16,53.27,78.06,Average
S2353,67.12,65.25,63.03,Average
S2354,53.84,71.51,70.06,Average
S2355,69.65,63.76,66.63,Average
S2356,83.5,82.57,90.21,Excellent
S2357,73.49,59.76,96.21,Good
S2358,69.19,85.21,87.98,Good
S2359,55.96,88.66,71.95,Good
S2360,62.25,56.22,75.22,Average
S2361,55.01,82.54,56.25,Average
S2362,90.37,98.07,87.34,Excellent
S2363,56.76,59.64,79.82,Average
S2364,79.77,95.47,95.12,Excellent
S2365,67.14,80.3,60.03,Average
S2366,61.3,79.55,87.99,Good
S2367,81.97,52.6,84.23,Good
S2368,72.85,87.42,63.29,Good
S2369,70.01,73.91,83.37,Good
S2370,79.64,86.06,96.22,Excellent
S2371,74.56,90.46,95.92,Excellent
S2372,65.17,76.19,85.98,Good
S2373,77.95,63.18,52.4,Average
S2374,83.47,57.08,93.61,Good
S2375,51.33,58.03,82.89,Average
S2376,73.29,93.35,65.52,Good
S2377,52.88,56.18,59.36,Poor
S2378,59.32,69.23,55.81,Average
S2379,78.03,66.71,52.51,Average
S2380,93.31,93.27,87.71,Excellent
S2381,94.14,73.88,61.79,Good
S2382,53.5,99.82,51.21,Average
S2383,70.96,86.85,69.86,Good
S2384,79.15,92.55,74.13,Good
S2385,57.35,54.93,58.46,Poor
S2386,88.27,62.66,52.2,Average
S2387,87.21,56.77,59.46,Average
S2388,95.17,73.18,83.96,Excellent
S2389,50.42,85.91,54.11,Average
S2390,60.83,58.45,77.75,Average
S2391,91.36,56.51,57.32,Good
S2392,83.53,80.73,59.78,Good
S2393,94.72,61.52,69.65,Good
S2394,52.86,73.97,55.04,Poor
S2395,79.85,52.56,58.66,Average
S2396,78.45,84.03,67.45,Good
S2397,51.78,77.07,66.48,Average
S2398,75.68,82.37,87.46,Good
S2399,80.48,63.77,53.74,Average
S2400,59.56,63.93,93.02,Good
S2401,63.67,90.07,90.81,Good
S2402,82.02,85.93,88.3,Excellent
S2403,73.42,78.99,65.47,Good
S2404,92.9,81.41,91.14,Excellent
S2405,67.12,54.7,59.14,Average
S2406,63.33,92.81,56.22,Good
S2407,99.24,88.5,52.25,Good
S2408,95.56,79.52,96.97,Excellent
S2409,51.45,95.93,65.4,Average
S2410,88.54,58.43,95.88,Good
S2411,55.52,84.33,63.63,Average
S2412,51.37,98.15,95.38,Good
S2413,63.68,65.5,95.2,Good
S2414,63.47,50.76,96.18,Average
S2415,90.97,86.74,74.81,Good
S2416,85.53,50.35,93.3,Good
S2417,99.08,93.63,97.54,Excellent
S2418,85.58,52.82,66.23,Average
S2419,70.91,82.64,70.94,Good
S2420,84.95,68.86,85.96,Good
S2421,99.97,60.17,65.02,Good
S2422,85.51,94.91,87.69,Excellent
S2423,88.08,87.31,53.69,Good
S2424,96.92,67.02,76.17,Good
S2425,55.68,64.21,56.12,Poor
S2426,85.24,86.8,64.67,Good
S2427,92.54,91.83,62.93,Good
S2428,97.72,85.79,91.95,Excellent
S2429,60.55,82.0,59.68,Average
S2430,75.2,61.4,90.42,Good
S2431,84.03,92.64,89.7,Excellent
S2432,62.37,87.48,74.94,Good
S2433,80.02,75.86,61.69,Good
S2434,62.88,75.58,61.34,Average
S2435,66.67,78.46,73.25,Good
S2436,72.08,91.41,50.44,Good
S2437,76.46,87.11,76.57,Good
S2438,72.47,92.81,97.64,Excellent
S2439,74.66,75.36,57.74,Average
S2440,64.93,81.23,78.67,Good
S2441,57.95,92.73,98.09,Good
S2442,52.37,61.62,93.03,Average
S2443,59.8,72.2,92.52,Good
S2444,79.1,81.03,91.09,Good
S2445,89.31,95.76,65.45,Good
S2446,58.46,50.79,94.53,Average
S2447,55.43,60.63,97.07,Average
S2448,87.46,61.72,74.79,Good
S2449,65.26,66.33,67.73,Average
S2450,97.57,64.09,70.71,Good
S2451,85.72,79.51,66.71,Good
S2452,66.34,94.28,60.62,Good
S2453,64.48,81.85,80.92,Good
S2454,76.18,62.08,78.13,Good
S2455,53.96,93.19,73.13,Good
S2456,55.88,81.6,54.79,Average
S2457,58.79,60.95,89.84,Average
S2458,88.74,68.08,58.75,Good
S2459,75.69,89.5,55.73,Good
S2460,50.53,86.95,81.15,Good
S2461,83.68,78.83,69.93,Good
S2462,71.18,57.24,52.99,Average
S2463,75.54,90.16,67.78,Good
S2464,60.71,65.38,88.59,Good
S2465,77.59,88.58,80.76,Good
S2466,98.96,82.38,68.14,Good
S2467,53.67,63.21,59.59,Poor
S2468,64.2,60.62,81.59,Average
S2469,62.15,56.55,94.38,Good
S2470,62.43,62.1,82.31,Average
S2471,68.94,57.89,90.65,Good
S2472,90.91,80.85,76.08,Good
S2473,95.64,79.94,85.9,Excellent
S2474,60.11,79.31,94.81,Good
S2475,77.15,82.09,88.66,Good
S2476,81.84,90.74,95.49,Excellent
S2477,76.09,95.68,71.56,Good
S2478,71.7,61.52,95.21,Good
S2479,59.6,79.39,81.08,Good
S2480,74.41,53.92,93.5,Good
S2481,70.06,56.01,51.97,Average
S2482,89.78,82.72,82.89,Excellent
S2483,88.18,74.33,92.4,Excellent
S2484,56.7,87.92,58.71,Average
S2485,54.43,71.28,83.09,Average
S2486,95.41,56.38,91.25,Good
S2487,76.78,93.6,64.4,Good
S2488,92.89,54.14,70.26,Good
S2489,52.91,59.45,78.48,Average
S2490,76.33,63.85,75.96,Good
S2491,76.97,99.76,51.96,Good
S2492,93.04,70.84,54.93,Good
S2493,54.88,75.09,55.02,Average
S2494,62.02,88.48,63.11,Good
S2495,70.33,81.82,62.29,Good
S2496,93.29,92.07,87.11,Excellent
S2497,96.94,74.32,78.64,Good
S2498,99.64,98.61,88.2,Excellent
S2499,97.96,89.84,53.49,Good
S2500,50.3,70.07,74.26,Average
S2501,52.39,69.06,66.19,Average
S2502,57.38,96.47,92.5,Good
S2503,67.44,84.22,85.39,Good
S2504,91.5,81.07,93.46,Excellent
S2505,94.63,87.89,52.32,Good
S2506,59.34,78.04,86.04,Good
S2507,80.98,57.96,77.0,Good
S2508,95.87,65.96,91.25,Excellent
S2509,73.19,77.9,75.36,Good
S2510,55.18,50.91,77.01,Average
S2511,72.89,71.87,52.59,Average
S2512,68.79,87.79,83.43,Good
S2513,78.88,58.21,63.66,Average
S2514,71.93,53.23,50.98,Average
S2515,50.87,91.8,53.32,Average
S2516,99.7,80.86,97.86,Excellent
S2517,77.18,58.83,67.3,Average
S2518,73.68,90.32,93.4,Good
S2519,97.73,82.91,97.98,Excellent
S2520,57.79,66.71,97.16,Good
S2521,59.46,68.81,94.09,Good
S2522,90.4,57.79,94.74,Good
S2523,63.04,91.76,64.45,Good
S2524,89.96,75.45,57.57,Good
S2525,63.58,77.85,81.96,Good
S2526,51.66,94.17,74.41,Good
S2527,75.85,50.79,54.94,Average
S2528,59.83,53.35,83.88,Average
S2529,87.89,58.08,78.14,Good
S2530,82.06,51.5,93.15,Good
S2531,96.18,82.91,80.46,Excellent
S2532,89.15,81.69,78.7,Good
S2533,59.04,60.54,72.04,Average
S2534,90.01,57.47,73.14,Good
S2535,82.09,57.28,97.72,Good
S2536,83.45,97.66,56.92,Good
S2537,91.61,84.68,72.31,Good
S2538,78.69,79.27,82.79,Good
S2539,73.3,66.12,71.65,Good
S2540,81.83,71.65,64.16,Good
S2541,64.9,54.47,64.37,Average
S2542,59.13,99.91,61.68,Good
S2543,80.83,87.75,67.2,Good
S2544,61.69,81.07,93.58,Good
S2545,54.0,79.39,75.26,Average
S2546,50.03,75.22,62.01,Average
S2547,80.42,62.87,69.23,Good
S2548,68.11,61.32,55.29,Average
S2549,87.62,77.48,95.2,Excellent
S2550,68.76,53.51,70.41,Average
S2551,74.3,53.72,99.02,Good
S2552,70.35,78.04,67.38,Good
S2553,82.53,95.99,91.82,Excellent
S2554,67.81,95.71,62.82,Good
S2555,98.19,50.54,53.81,Good
S2556,96.81,55.37,51.59,Good
S2557,92.4,79.15,80.31,Good
S2558,96.02,92.42,65.58,Excellent
S2559,72.46,97.72,72.18,Good
S2560,76.82,93.03,90.93,Excellent
S2561,87.1,83.88,62.41,Good
S2562,84.81,60.03,65.43,Good
S2563,94.53,53.63,92.27,Good
S2564,85.82,52.38,74.64,Good
S2565,99.89,80.6,91.38,Excellent
S2566,67.43,51.81,68.72,Average
S2567,91.65,86.96,69.92,Good
S2568,84.88,85.62,58.36,Good
S2569,84.57,53.98,95.82,Good
S2570,66.29,95.33,94.84,Good
S2571,89.28,76.1,99.21,Excellent
S2572,95.02,95.22,70.12,Excellent
S2573,60.93,95.08,90.93,Good
S2574,81.27,59.85,70.75,Good
S2575,69.61,69.03,72.71,Good
S2576,99.48,56.73,91.5,Good
S2577,73.94,88.75,58.87,Good
S2578,61.42,75.21,61.02,Average
S2579,69.09,96.44,65.74,Good
S2580,82.69,60.41,89.41,Good
S2581,53.8,84.42,68.63,Average
S2582,80.18,99.46,67.91,Good
S2583,96.56,83.27,99.94,Excellent
S2584,92.52,53.44,69.19,Good
S2585,53.38,79.42,62.39,Average
S2586,99.67,58.99,81.16,Good
S2587,84.94,51.53,90.09,Good
S2588,58.11,66.75,53.48,Poor
S2589,50.62,63.31,80.94,Average
S2590,58.56,89.44,51.79,Average
S2591,91.91,68.68,76.32,Good
S2592,51.08,86.65,62.85,Average
S2593,61.66,50.81,65.33,Poor
S2594,87.87,50.74,73.35,Good
S2595,79.31,51.47,96.36,Good
S2596,89.14,60.97,85.53,Good
S2597,87.31,68.7,96.84,Good
S2598,52.53,80.39,83.0,Good
S2599,94.63,99.3,50.36,Good
S2600,61.35,67.72,63.28,Average
S2601,77.67,52.78,95.29,Good
S2602,82.21,59.75,82.17,Good
S2603,58.43,94.89,99.08,Good
S2604,98.81,84.97,57.8,Good
S2605,74.41,89.51,64.84,Good
S2606,52.88,56.21,68.12,Poor
S2607,96.86,56.75,66.33,Good
S2608,79.31,55.61,62.6,Average
S2609,84.96,92.86,72.17,Good
S2610,76.26,60.5,82.11,Good
S2611,91.74,82.16,65.56,Good
S2612,51.66,75.81,53.98,Poor
S2613,63.42,77.22,85.43,Good
S2614,73.48,59.77,72.95,Average
S2615,53.83,81.76,77.82,Average
S2616,85.3,52.16,72.77,Good
S2617,69.68,99.67,94.52,Excellent
S2618,63.63,51.34,77.94,Average
S2619,50.17,52.51,96.16,Average
S2620,85.99,66.23,75.53,Good
S2621,91.69,91.58,64.63,Good
S2622,69.75,62.86,67.77,Average
S2623,78.21,73.6,76.11,Good
S2624,61.38,50.9,76.5,Average
S2625,81.11,53.94,84.37,Good
S2626,50.61,80.4,61.22,Average
S2627,74.43,59.72,82.94,Good
S2628,82.21,84.71,88.93,Good
S2629,95.91,89.27,83.83,Excellent
S2630,69.07,92.52,74.09,Good
S2631,88.26,56.69,99.58,Good
S2632,79.88,72.78,70.24,Good
S2633,96.35,97.35,55.33,Good
S2634,69.92,88.6,91.08,Good
S2635,65.95,55.85,60.61,Average
S2636,94.36,75.13,85.66,Excellent
S2637,52.46,96.12,58.95,Average
S2638,56.82,72.0,50.84,Poor
S2639,54.12,91.87,57.99,Average
S2640,92.16,74.79,68.85,Good
S2641,50.53,55.34,55.33,Poor
S2642,93.08,57.39,59.88,Good
S2643,72.56,52.33,88.23,Good
S2644,50.2,59.77,88.49,Average
S2645,70.08,94.68,90.87,Good
S2646,59.34,82.51,92.06,Good
S2647,81.22,86.94,71.02,Good
S2648,83.97,81.08,93.38,Excellent
S2649,74.38,69.33,76.3,Good
S2650,52.03,60.84,73.53,Average
S2651,82.81,96.28,85.93,Excellent
S2652,92.1,75.74,60.69,Good
S2653,86.02,74.05,89.47,Good
S2654,91.5,99.81,71.47,Excellent
S2655,60.03,69.2,56.36,Average
S2656,94.44,92.71,55.97,Good
S2657,66.11,93.12,58.25,Good
S2658,50.67,61.63,94.53,Average
S2659,92.17,54.74,99.55,Good
S2660,97.09,98.78,67.85,Excellent
S2661,82.78,71.29,64.61,Good
S2662,61.57,50.11,60.94,Poor
S2663,62.59,74.95,91.19,Good
S2664,73.33,80.97,60.46,Good
S2665,94.89,88.8,96.2,Excellent
S2666,57.48,97.15,83.37,Good
S2667,91.3,95.76,94.86,Excellent
S2668,64.57,97.01,77.7,Good
S2669,90.43,51.61,84.53,Good
S2670,96.01,85.59,80.97,Excellent
S2671,71.37,61.29,91.56,Good
S2672,68.25,59.38,91.79,Good
S2673,90.11,90.02,79.49,Excellent
S2674,76.47,70.86,81.63,Good
S2675,84.22,95.83,96.09,Excellent
S2676,81.14,52.12,96.49,Good
S2677,57.64,90.11,83.21,Good
S2678,92.24,56.84,50.39,Average
S2679,59.79,58.83,55.22,Poor
S2680,96.61,73.87,92.9,Excellent
S2681,62.53,69.78,54.24,Average
S2682,86.69,74.31,60.68,Good
S2683,64.23,97.0,61.53,Good
S2684,65.89,82.87,80.01,Good
S2685,65.5,64.52,78.83,Average
S2686,87.39,58.65,64.47,Good
S2687,77.84,71.0,60.38,Good
S2688,94.15,72.58,88.23,Excellent
S2689,65.37,80.06,96.77,Good
S2690,84.6,63.3,52.64,Average
S2691,87.65,88.38,56.66,Good
S2692,57.57,54.92,82.11,Average
S2693,70.03,78.02,90.22,Good
S2694,74.14,81.18,89.56,Good
S2695,67.78,60.34,85.98,Good
S2696,66.11,91.3,94.37,Good
S2697,84.32,80.77,60.87,Good
S2698,60.79,82.29,55.36,Average
S2699,85.47,74.89,80.77,Good
S2700,96.75,95.48,91.11,Excellent
S2701,78.26,84.7,79.1,Good
S2702,80.57,69.09,98.15,Good
S2703,53.45,61.93,89.78,Average
S2704,93.22,53.55,85.04,Good
S2705,64.27,58.27,53.01,Poor
S2706,80.75,99.63,55.39,Good
S2707,98.96,70.34,89.24,Excellent
S2708,79.78,94.93,59.91,Good
S2709,86.24,58.53,51.44,Average
S2710,72.27,71.27,95.54,Good
S2711,53.02,98.03,94.54,Good
S2712,89.88,54.56,60.92,Good
S2713,51.75,79.7,89.01,Good
S2714,85.03,95.96,52.4,Good
S2715,51.15,97.48,64.25,Average
S2716,93.12,92.3,81.18,Excellent
S2717,57.88,92.8,88.16,Good
S2718,75.71,82.61,50.52,Good
S2719,79.86,61.02,66.31,Good
S2720,72.88,86.53,60.72,Good
S2721,67.04,98.92,99.94,Excellent
S2722,73.39,76.3,83.55,Good
S2723,65.57,63.03,70.28,Average
S2724,71.91,78.67,53.78,Average
S2725,67.95,84.53,79.93,Good
S2726,78.31,60.41,82.09,Good
S2727,61.9,85.96,90.82,Good
S2728,99.43,79.37,64.43,Good
S2729,75.04,80.62,99.07,Good
S2730,59.71,65.3,71.97,Average
S2731,73.85,57.76,64.8,Average
S2732,93.32,81.17,67.42,Good
S2733,51.09,79.31,75.98,Average
S2734,83.98,66.9,96.84,Good
S2735,77.4,64.79,86.76,Good
S2736,58.48,67.36,78.86,Average
S2737,90.87,74.49,58.14,Good
S2738,68.44,98.74,57.47,Good
S2739,64.69,88.18,75.11,Good
S2740,91.41,92.59,86.44,Excellent
S2741,81.93,75.28,87.55,Good
S2742,94.91,76.31,61.3,Good
S2743,81.49,60.22,55.0,Average
S2744,87.04,86.05,69.22,Good
S2745,91.82,71.08,95.91,Excellent
S2746,52.74,87.12,77.27,Good
S2747,88.8,70.45,66.0,Good
S2748,80.69,55.43,66.18,Average
S2749,53.48,58.65,56.6,Poor
S2750,75.43,90.58,73.66,Good
S2751,54.12,62.93,89.57,Average
S2752,86.8,63.22,98.43,Good
S2753,77.33,96.47,75.08,Good
S2754,97.68,82.88,58.36,Good
S2755,59.16,55.72,84.15,Average
S2756,80.3,57.18,87.84,Good
S2757,60.58,63.62,53.58,Poor
S2758,80.7,79.7,92.51,Good
S2759,86.13,87.64,91.47,Excellent
S2760,86.12,63.72,73.63,Good
S2761,90.75,93.53,78.02,Excellent
S2762,92.68,55.46,85.67,Good
S2763,53.86,60.38,83.84,Average
S2764,67.16,98.52,50.83,Good
S2765,84.36,56.74,56.12,Average
S2766,74.93,94.41,58.13,Good
S2767,59.53,85.2,87.78,Good
S2768,77.64,53.65,72.0,Average
S2769,70.37,74.19,77.28,Good
S2770,69.5,75.95,88.63,Good
S2771,90.49,96.61,67.05,Excellent
S2772,70.38,71.06,87.44,Good
S2773,51.32,72.34,72.11,Average
S2774,52.9,55.62,68.86,Poor
S2775,92.81,81.96,66.65,Good
S2776,98.03,60.54,98.25,Excellent
S2777,84.42,53.88,88.6,Good
S2778,68.22,99.85,51.01,Good
S2779,96.93,63.48,97.87,Excellent
S2780,83.14,57.05,88.77,Good
S2781,92.22,84.97,57.46,Good
S2782,88.29,91.08,53.82,Good
S2783,68.96,53.2,65.41,Average
S2784,73.94,55.27,81.21,Good
S2785,59.31,54.51,80.83,Average
S2786,64.6,52.35,63.79,Average
S2787,88.91,82.97,72.28,Good
S2788,94.7,79.42,60.59,Good
S2789,86.22,83.14,52.53,Good
S2790,73.26,75.28,75.85,Good
S2791,54.33,90.88,67.35,Average
S2792,52.85,77.33,77.14,Average
S2793,68.72,95.94,97.33,Excellent
S2794,73.19,74.28,57.17,Average
S2795,80.46,89.53,50.1,Good
S2796,50.32,70.37,53.84,Poor
S2797,99.49,71.76,73.14,Good
S2798,68.2,92.45,85.35,Good
S2799,92.4,55.38,79.04,Good
S2800,76.75,78.25,74.74,Good
S2801,56.52,86.32,67.7,Average
S2802,89.88,87.52,65.5,Good
S2803,85.49,79.57,68.81,Good
S2804,76.37,72.4,80.58,Good
S2805,75.73,63.04,58.39,Average
S2806,54.37,95.47,88.57,Good
S2807,82.79,68.49,78.76,Good
S2808,95.56,89.95,63.46,Good
S2809,54.66,51.58,75.06,Poor
S2810,63.18,61.61,98.14,Good
S2811,95.12,67.28,51.02,Good
S2812,64.22,83.58,59.98,Average
S2813,82.7,65.97,72.42,Good
S2814,76.74,52.07,81.92,Good
S2815,79.82,58.69,60.61,Average
S2816,70.79,62.96,96.57,Good
S2817,65.0,58.8,82.13,Average
S2818,52.43,60.19,93.87,Average
S2819,87.21,88.45,66.47,Good
S2820,87.3,70.6,91.45,Good
S2821,83.54,70.26,68.91,Good
S2822,82.18,98.33,62.64,Good
S2823,62.19,72.34,95.58,Good
S2824,51.12,96.38,54.61,Average
S2825,90.44,64.95,97.14,Good
S2826,74.56,70.03,72.93,Good
S2827,65.34,69.81,99.63,Good
S2828,55.1,77.3,76.98,Average
S2829,53.14,79.21,87.87,Good
S2830,67.44,62.41,50.35,Average
S2831,90.24,89.68,74.83,Excellent
S2832,95.94,74.83,86.87,Excellent
S2833,94.84,50.35,89.14,Good
S2834,96.0,79.57,57.9,Good
S2835,95.39,89.9,70.95,Excellent
S2836,76.36,62.52,70.95,Good
S2837,60.97,51.89,55.18,Poor
S2838,89.9,90.36,72.15,Good
S2839,60.69,98.81,90.35,Good
S2840,63.36,53.83,65.01,Average
S2841,61.66,96.9,71.63,Good
S2842,75.75,67.96,98.05,Good
S2843,66.09,97.07,51.59,Good
S2844,57.71,82.44,79.58,Good
S2845,72.66,94.51,87.17,Good
S2846,93.7,89.29,88.04,Excellent
S2847,78.53,51.4,85.8,Good
S2848,93.92,53.27,86.32,Good
S2849,59.79,76.29,52.95,Average
S2850,58.35,56.48,76.71,Average
S2851,78.78,73.05,89.15,Good
S2852,73.17,97.73,54.7,Good
S2853,83.01,64.74,50.6,Average
S2854,89.73,74.45,90.73,Excellent
S2855,87.57,69.21,85.61,Good
S2856,97.11,81.49,70.61,Good
S2857,69.91,59.69,97.02,Good
S2858,60.32,63.0,88.33,Average
S2859,77.55,92.94,98.39,Excellent
S2860,55.54,90.57,96.47,Good
S2861,64.44,89.46,74.06,Good
S2862,60.39,88.55,87.74,Good
S2863,69.83,72.97,83.46,Good
S2864,55.56,86.44,90.57,Good
S2865,51.59,69.36,89.38,Average
S2866,82.84,55.04,57.66,Average
S2867,80.51,69.67,61.69,Good
S2868,85.42,57.93,63.29,Good
S2869,83.02,69.54,90.92,Good
S2870,55.71,64.87,90.54,Average
S2871,64.55,79.96,74.77,Good
S2872,56.48,68.08,79.04,Average
S2873,92.15,85.28,91.35,Excellent
S2874,87.35,75.61,65.63,Good
S2875,60.08,95.97,52.51,Average
S2876,67.07,54.55,74.13,Average
S2877,98.33,84.39,95.69,Excellent
S2878,79.71,83.62,89.52,Good
S2879,90.06,97.53,68.33,Excellent
S2880,63.23,68.58,53.24,Average
S2881,60.5,65.27,81.85,Average
S2882,89.2,58.62,91.72,Good
S2883,84.29,63.26,83.25,Good
S2884,84.05,75.09,71.25,Good
S2885,77.63,91.89,56.17,Good
S2886,78.18,64.21,95.54,Good
S2887,86.78,57.89,63.8,Good
S2888,63.5,63.61,61.21,Average
S2889,67.64,55.05,90.8,Good
S2890,93.58,96.33,99.06,Excellent
S2891,65.44,93.63,83.01,Good
S2892,77.32,65.42,81.24,Good
S2893,85.13,62.35,65.97,Good
S2894,100.0,95.27,51.02,Good
S2895,71.76,50.09,59.59,Average
S2896,71.4,80.03,79.22,Good
S2897,92.13,95.8,57.57,Good
S2898,90.28,75.43,94.19,Excellent
S2899,86.55,50.15,59.41,Average
S2900,73.16,60.94,76.11,Good
S2901,66.2,96.12,75.6,Good
S2902,80.44,50.85,80.2,Good
S2903,93.81,69.74,66.37,Good
S2904,94.19,89.49,93.68,Excellent
S2905,55.42,91.9,72.22,Good
S2906,71.42,73.88,85.01,Good
S2907,73.24,61.62,81.8,Good
S2908,98.88,79.99,55.86,Good
S2909,83.9,63.19,81.13,Good
S2910,70.36,62.76,77.54,Good
S2911,51.3,90.38,94.93,Good
S2912,78.27,57.71,94.04,Good
S2913,54.8,50.28,57.55,Poor
S2914,91.72,66.84,54.08,Good
S2915,87.63,74.55,64.73,Good
S2916,73.03,85.25,99.33,Good
S2917,71.46,89.06,51.08,Good
S2918,94.87,83.18,83.64,Excellent
S2919,64.42,81.33,80.43,Good
S2920,62.45,83.29,82.33,Good
S2921,96.96,63.58,60.91,Good
S2922,90.46,69.12,61.34,Good
S2923,91.03,80.82,71.53,Good
S2924,59.76,53.28,54.79,Poor
S2925,57.16,64.77,53.73,Poor
S2926,51.3,70.32,54.42,Poor
S2927,61.85,76.67,78.65,Good
S2928,88.71,74.32,69.89,Good
S2929,62.0,85.91,64.68,Average
S2930,86.46,73.67,65.79,Good
S2931,62.6,95.21,60.36,Good
S2932,69.76,69.02,70.58,Average
S2933,99.16,76.27,60.15,Good
S2934,62.24,50.16,84.9,Average
S2935,68.82,65.52,56.2,Average
S2936,65.05,93.33,97.41,Good
S2937,55.48,66.68,54.49,Poor
S2938,74.49,62.66,97.17,Good
S2939,68.93,77.18,91.66,Good
S2940,84.74,53.94,84.04,Good
S2941,90.88,76.58,95.62,Excellent
S2942,77.21,65.18,56.96,Average
S2943,51.61,69.16,58.82,Poor
S2944,80.95,89.57,62.61,Good
S2945,52.77,83.1,62.24,Average
S2946,80.82,72.31,65.54,Good
S2947,84.25,78.88,78.78,Good
S2948,59.89,88.34,51.41,Average
S2949,90.97,87.29,69.11,Good
S2950,95.55,59.27,62.32,Good
S2951,90.65,65.05,80.33,Good
S2952,65.26,67.41,99.26,Good
S2953,79.33,59.38,75.88,Good
S2954,95.74,50.61,71.28,Good
S2955,66.03,58.7,68.41,Average
S2956,91.0,90.41,89.25,Excellent
S2957,50.47,77.3,53.6,Poor
S2958,50.18,67.08,97.99,Average
S2959,87.99,80.42,70.9,Good
S2960,88.07,86.99,65.69,Good
S2961,89.45,67.72,98.7,Excellent
S2962,96.5,73.3,96.79,Excellent
S2963,55.9,53.21,82.1,Average
S2964,61.6,79.85,50.93,Average
S2965,95.19,67.82,87.43,Good
S2966,58.86,71.68,66.78,Average
S2967,84.11,71.13,69.41,Good
S2968,76.52,81.62,57.94,Good
S2969,54.16,78.62,76.17,Average
S2970,64.26,71.11,87.23,Good
S2971,76.02,50.85,63.65,Average
S2972,92.62,81.05,96.94,Excellent
S2973,85.38,93.98,59.74,Good
S2974,81.09,88.48,53.31,Good
S2975,74.8,99.08,82.22,Good
S2976,64.93,56.95,92.47,Good
S2977,55.96,61.13,97.66,Good
S2978,70.45,76.96,88.36,Good
S2979,51.43,61.79,59.98,Poor
S2980,60.55,51.73,98.88,Average
S2981,71.62,70.11,95.97,Good
S2982,70.93,64.38,58.16,Average
S2983,52.21,63.19,77.94,Average
S2984,79.45,97.66,77.78,Good
S2985,77.48,61.92,72.13,Good
S2986,53.91,56.47,99.21,Average
S2987,97.16,56.27,52.98,Good
S2988,54.97,90.32,81.36,Good
S2989,92.74,85.74,60.27,Good
S2990,50.02,56.47,76.37,Poor
S2991,94.11,60.99,88.99,Good
S2992,50.99,87.37,62.34,Average
S2993,87.89,63.73,69.67,Good
S2994,68.08,99.08,97.54,Excellent
S2995,86.91,77.03,88.07,Good
S2996,70.09,59.6,78.64,Average
S2997,53.55,92.94,61.1,Average
S2998,88.38,65.97,71.27,Good
S2999,53.56,64.44,88.7,Average
S3000,96.11,66.37,91.03,Excellent
S3001,52.55,88.41,62.23,Average
S3002,73.97,58.66,83.1,Good
S3003,86.15,69.09,54.75,Good
S3004,69.66,51.54,51.16,Poor
S3005,60.86,91.33,77.43,Good
S3006,87.95,67.04,61.22,Good
S3007,89.21,62.41,53.95,Good
S3008,96.13,78.99,86.49,Excellent
S3009,68.81,85.25,74.9,Good
S3010,75.31,90.64,89.81,Good
S3011,68.16,67.39,83.2,Good
S3012,62.85,90.62,86.49,Good
S3013,87.55,73.24,65.37,Good
S3014,66.98,55.06,63.16,Average
S3015,71.41,92.32,80.04,Good
S3016,70.18,77.38,60.0,Average
S3017,85.63,80.12,90.77,Excellent
S3018,95.89,96.87,76.15,Excellent
S3019,83.34,77.96,61.35,Good
S3020,73.58,50.28,81.26,Average
S3021,88.96,93.53,97.25,Excellent
S3022,82.05,64.24,54.1,Average
S3023,53.03,75.09,55.47,Average
S3024,54.78,60.24,92.19,Average
S3025,51.9,64.85,55.48,Poor
S3026,72.84,84.33,51.97,Good
S3027,91.29,71.48,67.4,Good
S3028,65.65,81.36,73.34,Good
S3029,69.21,91.18,78.47,Good
S3030,95.47,67.04,75.37,Good
S3031,91.85,78.42,95.66,Excellent
S3032,83.25,88.88,88.43,Excellent
S3033,63.34,85.76,99.19,Good
S3034,55.85,76.99,73.82,Average
S3035,50.8,69.17,54.22,Poor
S3036,55.35,70.38,97.78,Good
S3037,64.63,71.66,50.21,Average
S3038,77.59,67.44,88.8,Good
S3039,53.2,84.95,51.56,Average
S3040,56.81,56.27,88.06,Average
S3041,59.05,98.37,96.9,Good
S3042,81.6,88.95,69.46,Good
S3043,80.79,64.91,62.05,Good
S3044,77.54,52.13,61.31,Average
S3045,62.53,85.57,74.59,Good
S3046,68.56,86.72,58.54,Good
S3047,54.83,98.18,83.65,Good
S3048,61.32,62.69,68.42,Average
S3049,94.89,54.14,66.16,Good
S3050,98.98,95.76,73.06,Excellent
S3051,82.38,62.93,77.13,Good
S3052,95.84,86.08,57.1,Good
S3053,82.14,53.03,85.39,Good
S3054,51.66,88.03,94.15,Good
S3055,99.84,56.35,63.9,Good
S3056,54.95,84.78,59.02,Average
S3057,84.13,76.62,88.03,Good
S3058,62.64,97.77,59.18,Good
S3059,69.6,51.85,52.06,Poor
S3060,82.3,64.6,80.96,Good
S3061,71.82,53.48,61.99,Average
S3062,62.53,93.96,58.59,Good
S3063,66.72,79.7,99.08,Good
S3064,67.08,76.75,64.59,Average
S3065,97.97,56.57,95.17,Good
S3066,89.93,74.45,58.91,Good
S3067,72.93,69.94,90.95,Good
S3068,59.99,65.79,75.1,Average
S3069,90.55,88.61,53.93,Good
S3070,57.86,53.06,86.68,Average
S3071,60.52,82.33,94.6,Good
S3072,68.3,91.15,58.15,Good
S3073,94.02,95.37,86.28,Excellent
S3074,56.59,87.3,72.25,Good
S3075,56.11,64.12,87.69,Average
S3076,74.7,80.03,85.7,Good
S3077,63.82,57.07,51.33,Poor
S3078,78.44,55.85,58.94,Average
S3079,72.58,81.93,73.55,Good
S3080,71.75,92.56,96.68,Excellent
S3081,55.6,53.36,67.1,Poor
S3082,57.05,55.3,81.44,Average
S3083,91.05,78.28,50.6,Good
S3084,94.29,60.91,85.56,Good
S3085,61.73,80.59,80.15,Good
S3086,55.67,60.73,85.77,Average
S3087,52.67,55.82,95.23,Average
S3088,80.41,77.28,57.32,Good
S3089,85.77,93.11,63.08,Good
S3090,68.64,84.26,99.79,Good
S3091,83.98,90.94,57.81,Good
S3092,85.65,63.32,86.03,Good
S3093,96.77,94.3,86.25,Excellent
S3094,53.24,68.85,84.15,Average
S3095,59.61,92.62,61.37,Good
S3096,53.43,73.56,60.76,Average
S3097,93.4,63.39,83.32,Good
S3098,89.63,63.01,59.31,Good
S3099,78.73,78.38,83.08,Good
S3100,54.18,53.95,74.63,Average
S3101,63.67,96.5,69.33,Good
S3102,64.89,63.57,65.01,Average
S3103,78.04,66.78,97.38,Good
S3104,62.9,61.67,75.4,Average
S3105,53.65,50.15,78.06,Poor
S3106,86.54,84.63,97.46,Excellent
S3107,64.95,79.53,82.69,Good
S3108,72.62,90.48,97.89,Excellent
S3109,56.38,52.05,55.32,Poor
S3110,90.13,96.43,92.33,Excellent
S3111,78.28,66.54,66.77,Good
S3112,95.08,95.65,90.52,Excellent
S3113,74.77,55.36,92.78,Good
S3114,97.07,87.2,63.57,Good
S3115,94.59,78.97,70.44,Good
S3116,78.82,67.91,86.3,Good
S3117,96.69,53.96,54.95,Good
S3118,66.15,80.24,87.78,Good
S3119,68.28,51.32,55.52,Poor
S3120,52.27,75.06,95.72,Good
S3121,79.46,80.21,63.82,Good
S3122,86.1,86.63,78.78,Good
S3123,88.68,99.57,55.86,Good
S3124,57.49,63.0,63.47,Average
S3125,72.21,66.12,70.2,Average
S3126,58.84,67.06,74.35,Average
S3127,83.11,86.58,50.0,Good
S3128,57.9,96.59,94.43,Good
S3129,95.21,98.72,50.38,Good
S3130,61.53,97.29,88.68,Good
S3131,64.57,93.97,73.53,Good
S3132,92.55,99.55,76.19,Excellent
S3133,72.92,68.8,60.41,Average
S3134,51.2,97.42,80.37,Good
S3135,74.73,88.05,76.86,Good
S3136,54.23,58.42,58.21,Poor
S3137,99.27,52.27,61.91,Good
S3138,79.41,60.72,53.35,Average
S3139,62.83,88.94,53.31,Average
S3140,78.19,81.58,50.69,Good
S3141,53.84,61.22,61.02,Poor
S3142,89.99,87.1,83.98,Excellent
S3143,96.27,57.07,65.81,Good
S3144,93.72,91.09,67.14,Good
S3145,67.09,89.71,56.6,Good
S3146,66.29,98.63,78.77,Good
S3147,51.75,57.51,67.11,Poor
S3148,82.57,95.33,83.82,Excellent
S3149,76.75,67.06,87.07,Good
S3150,72.97,70.8,79.23,Good
S3151,95.38,73.42,63.8,Good
S3152,58.39,81.35,75.43,Good
S3153,50.48,99.74,62.6,Average
S3154,53.67,80.0,95.15,Good
S3155,61.17,96.34,88.32,Good
S3156,51.66,62.75,74.65,Average
S3157,75.14,69.92,98.27,Good
S3158,65.7,75.22,77.34,Good
S3159,59.02,66.15,66.43,Average
S3160,87.5,98.84,54.77,Good
S3161,60.22,86.28,77.19,Good
S3162,84.38,73.94,93.02,Good
S3163,67.46,87.57,93.34,Good
S3164,75.59,73.37,80.23,Good
S3165,96.69,50.86,69.67,Good
S3166,51.87,77.16,82.51,Average
S3167,75.01,81.26,88.11,Good
S3168,92.72,99.06,70.58,Excellent
S3169,79.4,52.04,73.81,Average
S3170,63.84,75.6,84.03,Good
S3171,69.88,54.91,93.83,Good
S3172,84.01,57.45,89.55,Good
S3173,94.54,80.52,51.12,Good
S3174,52.05,61.58,56.22,Poor
S3175,53.58,87.46,92.64,Good
S3176,66.25,75.71,91.69,Good
S3177,61.64,60.91,69.44,Average
S3178,63.25,74.69,79.21,Good
S3179,61.06,50.04,95.29,Average
S3180,59.79,93.14,95.58,Good
S3181,56.53,50.63,89.15,Average
S3182,96.7,50.35,60.48,Good
S3183,57.21,80.58,86.51,Good
S3184,60.22,98.68,55.05,Good
S3185,62.31,92.8,94.7,Good
S3186,96.65,62.6,57.46,Good
S3187,87.79,59.83,83.12,Good
S3188,89.48,81.31,80.51,Good
S3189,55.24,91.13,88.84,Good
S3190,91.82,68.1,77.58,Good
S3191,70.41,71.62,52.98,Average
S3192,63.14,55.77,85.29,Average
S3193,78.79,57.64,69.16,Average
S3194,91.11,78.42,66.01,Good
S3195,88.93,55.13,99.58,Good
S3196,94.5,60.1,79.52,Good
S3197,96.41,61.73,85.54,Good
S3198,61.91,72.2,76.32,Average
S3199,71.19,52.28,88.5,Good
S3200,50.73,74.99,87.6,Average
S3201,93.97,96.43,82.86,Excellent
S3202,57.73,51.22,99.89,Average
S3203,93.07,81.55,72.99,Good
S3204,66.47,91.79,85.31,Good
S3205,68.41,65.62,89.89,Good
S3206,51.96,56.58,68.8,Poor
S3207,66.34,52.17,72.86,Average
S3208,94.42,82.2,98.46,Excellent
S3209,51.28,77.61,51.61,Poor
S3210,70.32,61.46,66.76,Average
S3211,51.57,91.58,74.31,Good
S3212,68.55,86.78,50.07,Average
S3213,58.63,63.82,94.96,Good
S3214,62.61,87.67,64.31,Good
S3215,93.88,62.25,62.89,Good
S3216,71.8,83.76,91.02,Good
S3217,63.69,55.93,63.9,Average
S3218,79.47,84.61,82.88,Good
S3219,57.11,61.94,91.08,Average
S3220,62.97,78.62,89.62,Good
S3221,77.31,58.62,89.1,Good
S3222,61.88,86.3,54.43,Average
S3223,83.96,53.04,53.99,Average
S3224,74.57,58.27,65.34,Average
S3225,88.6,59.21,51.8,Average
S3226,97.41,52.07,75.02,Good
S3227,55.79,87.25,69.74,Average
S3228,66.73,99.05,77.85,Good
S3229,65.98,88.92,64.94,Good
S3230,57.56,93.03,74.29,Good
S3231,90.52,50.3,66.74,Good
S3232,87.99,55.89,59.76,Average
S3233,74.22,77.95,82.47,Good
S3234,76.89,98.89,83.67,Excellent
S3235,52.98,83.04,91.46,Good
S3236,77.78,68.71,93.74,Good
S3237,89.57,57.31,85.22,Good
S3238,78.69,57.64,84.37,Good
S3239,63.27,68.14,52.83,Average
S3240,83.38,85.69,55.49,Good
S3241,68.07,51.59,90.63,Average
S3242,77.24,92.61,61.65,Good
S3243,74.38,97.08,67.78,Good
S3244,69.06,94.44,57.26,Good
S3245,85.94,95.65,59.76,Good
S3246,94.19,50.77,88.77,Good
S3247,50.26,98.89,63.09,Average
S3248,96.68,68.32,72.45,Good
S3249,75.58,93.46,57.58,Good
S3250,85.04,59.34,83.9,Good
S3251,92.78,72.33,86.41,Good
S3252,73.36,52.21,68.08,Average
S3253,91.75,52.0,89.24,Good
S3254,58.88,97.16,62.0,Good
S3255,57.96,90.53,84.6,Good
S3256,82.87,76.49,86.5,Good
S3257,93.51,76.27,98.43,Excellent
S3258,94.62,87.44,61.62,Good
S3259,82.19,67.08,54.69,Average
S3260,76.27,88.09,63.15,Good
S3261,66.57,74.25,56.14,Average
S3262,99.0,81.9,58.48,Good
S3263,65.98,98.24,66.71,Good
S3264,87.21,73.57,70.7,Good
S3265,76.6,70.92,95.19,Good
S3266,80.43,95.29,59.78,Good
S3267,69.67,95.13,98.59,Excellent
S3268,98.24,99.62,90.51,Excellent
S3269,78.58,77.54,94.07,Good
S3270,96.89,67.21,96.47,Excellent
S3271,50.38,62.02,87.66,Average
S3272,78.63,51.7,89.44,Good
S3273,85.86,86.34,71.89,Good
S3274,87.25,61.67,75.52,Good
S3275,95.25,80.33,96.62,Excellent
S3276,50.22,95.83,68.91,Average
S3277,50.02,97.51,52.1,Average
S3278,73.61,50.22,88.14,Good
S3279,51.46,65.85,78.66,Average
S3280,98.73,91.87,90.74,Excellent
S3281,61.1,76.82,53.78,Average
S3282,73.63,90.38,81.06,Good
S3283,53.06,92.67,62.39,Average
S3284,76.1,72.13,95.16,Good
S3285,69.0,67.95,55.5,Average
S3286,52.23,72.77,92.15,Good
S3287,66.76,82.64,54.43,Average
S3288,69.57,68.36,51.25,Average
S3289,99.5,88.75,61.75,Good
S3290,60.39,95.2,66.65,Good
S3291,77.24,64.12,81.33,Good
S3292,99.37,98.25,56.59,Excellent
S3293,89.6,81.14,71.87,Good
S3294,99.67,93.91,60.21,Excellent
S3295,98.41,55.2,92.77,Good
S3296,74.48,62.57,52.25,Average
S3297,84.82,66.05,67.8,Good
S3298,55.52,65.14,81.57,Average
S3299,72.06,58.59,95.65,Good
S3300,90.45,93.41,93.4,Excellent
S3301,75.27,70.93,94.76,Good
S3302,85.13,98.16,53.14,Good
S3303,87.29,79.17,92.05,Excellent
S3304,62.67,56.92,89.0,Average
S3305,93.78,77.3,95.12,Excellent
S3306,72.99,99.68,65.58,Good
S3307,60.51,78.26,95.59,Good
S3308,93.27,50.09,70.13,Good
S3309,70.89,96.65,81.7,Good
S3310,87.52,61.74,71.21,Good
S3311,77.4,84.43,71.38,Good
S3312,69.09,75.75,77.33,Good
S3313,90.49,66.27,67.8,Good
S3314,79.22,64.13,89.64,Good
S3315,69.53,96.44,81.68,Good
S3316,55.48,95.6,84.49,Good
S3317,94.77,75.66,61.55,Good
S3318,51.77,62.92,98.48,Average
S3319,93.16,55.12,83.01,Good
S3320,68.0,57.83,59.86,Average
S3321,81.97,76.11,87.52,Good
S3322,96.11,65.39,58.69,Good
S3323,57.59,52.1,53.17,Poor
S3324,78.35,72.76,76.38,Good
S3325,88.22,87.31,77.68,Good
S3326,87.88,94.58,59.45,Good
S3327,76.28,79.26,67.42,Good
S3328,81.24,86.16,97.29,Excellent
S3329,87.88,68.2,64.25,Good
S3330,92.05,74.81,57.78,Good
S3331,88.09,86.48,99.63,Excellent
S3332,67.7,86.38,65.12,Good
S3333,99.84,71.23,84.01,Excellent
S3334,71.73,77.18,61.58,Good
S3335,51.22,96.19,77.51,Good
S3336,68.13,81.6,69.31,Good
S3337,56.39,82.13,98.08,Good
S3338,56.07,89.23,71.64,Good
S3339,64.08,55.76,79.21,Average
S3340,52.67,76.14,97.24,Good
S3341,84.43,97.97,99.46,Excellent
S3342,53.7,68.08,55.08,Poor
S3343,60.16,64.75,91.72,Good
S3344,54.64,80.06,69.11,Average
S3345,53.16,61.06,79.74,Average
S3346,63.39,77.8,68.75,Average
S3347,78.59,57.78,70.06,Average
S3348,98.23,78.99,57.94,Good
S3349,93.78,80.12,78.64,Excellent
S3350,93.8,70.92,77.34,Good
S3351,58.8,69.14,59.47,Average
S3352,63.25,62.27,77.09,Average
S3353,53.82,66.55,98.66,Good
S3354,88.92,74.92,85.72,Good
S3355,53.49,62.38,74.05,Average
S3356,77.83,89.14,95.8,Excellent
S3357,62.39,85.45,78.77,Good
S3358,62.17,63.47,56.75,Average
S3359,99.54,54.87,77.38,Good
S3360,87.84,50.01,59.05,Average
S3361,91.85,79.84,88.38,Excellent
S3362,78.6,60.57,98.36,Good
S3363,93.55,50.63,68.04,Good
S3364,82.27,67.95,71.75,Good
S3365,97.31,98.1,71.07,Excellent
S3366,64.07,84.5,64.26,Good
S3367,79.77,92.89,89.71,Excellent
S3368,84.51,57.24,80.89,Good
S3369,69.65,53.66,53.2,Poor
S3370,93.99,50.58,91.94,Good
S3371,98.99,97.78,59.35,Excellent
S3372,74.69,65.01,98.96,Good
S3373,69.53,72.98,68.83,Good
S3374,73.6,69.73,80.82,Good
S3375,92.64,86.52,53.89,Good
S3376,82.27,65.5,67.23,Good
S3377,52.24,76.77,90.12,Good
S3378,77.11,99.78,73.86,Good
S3379,50.87,72.2,95.23,Good
S3380,88.93,77.56,78.76,Good
S3381,66.42,75.13,96.43,Good
S3382,73.6,90.16,99.13,Excellent
S3383,89.93,63.34,72.69,Good
S3384,52.32,58.52,78.26,Average
S3385,57.93,87.7,91.75,Good
S3386,69.9,70.78,61.08,Average
S3387,61.5,95.69,93.08,Good
S3388,66.9,82.21,79.6,Good
S3389,99.91,78.22,86.28,Excellent
S3390,91.27,53.52,53.99,Average
S3391,94.2,86.52,88.31,Excellent
S3392,96.85,84.3,65.54,Good
S3393,67.05,82.0,90.26,Good
S3394,64.85,63.4,75.46,Average
S3395,61.7,97.34,63.73,Good
S3396,91.51,66.08,97.64,Excellent
S3397,83.98,57.61,88.25,Good
S3398,61.81,99.36,99.28,Good
S3399,68.85,87.31,68.22,Good
S3400,75.34,70.74,82.46,Good
S3401,76.41,96.8,80.58,Good
S3402,94.44,54.56,84.38,Good
S3403,69.03,54.38,51.92,Poor
S3404,95.43,84.12,64.59,Good
S3405,72.07,58.9,95.47,Good
S3406,87.32,95.86,71.19,Excellent
S3407,96.51,92.02,98.03,Excellent
S3408,95.38,65.32,60.68,Good
S3409,52.85,94.44,99.87,Good
S3410,60.29,52.14,84.88,Average
S3411,73.85,77.43,88.82,Good
S3412,71.58,96.78,69.84,Good
S3413,82.04,92.77,95.35,Excellent
S3414,97.24,67.8,77.27,Good
S3415,55.62,59.14,84.05,Average
S3416,72.59,60.53,54.74,Average
S3417,59.62,75.73,81.58,Good
S3418,94.71,79.84,93.95,Excellent
S3419,98.23,51.64,58.91,Good
S3420,73.94,70.68,86.89,Good
S3421,55.2,91.52,51.27,Average
S3422,89.26,72.22,96.31,Excellent
S3423,84.86,58.46,99.15,Good
S3424,67.73,97.74,67.71,Good
S3425,94.37,63.31,55.35,Good
S3426,98.79,89.92,82.93,Excellent
S3427,77.89,59.69,51.49,Average
S3428,78.29,71.16,74.12,Good
S3429,64.88,74.52,63.59,Average
S3430,79.23,75.03,73.67,Good
S3431,71.98,75.82,50.91,Average
S3432,65.11,61.25,52.58,Average
S3433,53.36,75.8,50.8,Poor
S3434,62.64,74.09,80.96,Good
S3435,59.89,60.44,78.0,Average
S3436,77.1,99.41,61.66,Good
S3437,80.08,93.28,82.33,Good
S3438,80.43,94.38,94.21,Excellent
S3439,69.41,84.28,63.87,Good
S3440,71.06,57.99,91.6,Good
S3441,91.71,78.4,83.13,Excellent
S3442,73.81,91.07,51.69,Good
S3443,99.39,51.94,68.76,Good
S3444,71.98,74.79,75.39,Good
S3445,82.48,69.81,86.58,Good
S3446,52.52,60.61,64.36,Poor
S3447,82.67,68.91,99.14,Good
S3448,92.57,99.17,84.23,Excellent
S3449,97.12,86.16,68.64,Excellent
S3450,99.87,64.98,54.85,Good
S3451,64.11,80.27,59.07,Average
S3452,78.77,62.33,74.38,Good
S3453,72.54,80.54,74.73,Good
S3454,78.19,94.81,88.39,Excellent
S3455,57.87,77.84,86.31,Good
S3456,92.81,86.67,60.06,Good
S3457,95.48,72.67,79.75,Good
S3458,72.48,76.21,51.03,Average
S3459,64.02,84.75,69.93,Good
S3460,57.04,90.62,88.21,Good
S3461,84.19,82.97,69.98,Good
S3462,65.61,98.87,91.78,Good
S3463,95.48,90.99,98.81,Excellent
S3464,83.55,88.86,80.36,Good
S3465,82.28,92.26,57.25,Good
S3466,77.97,64.06,68.98,Good
S3467,52.29,71.6,50.47,Poor
S3468,96.6,78.22,80.14,Excellent
S3469,81.4,73.12,91.08,Good
S3470,99.7,92.37,81.5,Excellent
S3471,76.87,51.35,89.3,Good
S3472,85.51,60.46,90.0,Good
S3473,52.81,94.09,92.55,Good
S3474,81.59,52.96,63.33,Average
S3475,88.23,61.35,93.56,Good
S3476,88.93,67.56,82.7,Good
S3477,88.51,87.54,64.49,Good
S3478,61.31,78.01,99.36,Good
S3479,98.77,97.73,97.51,Excellent
S3480,99.76,61.39,78.72,Good
S3481,53.78,93.61,92.16,Good
S3482,96.82,64.15,63.07,Good
S3483,64.47,62.27,70.8,Average
S3484,84.46,74.92,59.2,Good
S3485,66.91,53.56,76.01,Average
S3486,98.39,69.22,74.8,Good
S3487,55.08,67.78,60.64,Average
S3488,74.89,58.01,83.64,Good
S3489,71.4,93.04,55.89,Good
S3490,66.3,69.29,53.08,Average
S3491,82.28,99.1,69.25,Good
S3492,56.55,94.99,70.49,Good
S3493,85.83,59.74,65.99,Good
S3494,99.03,75.26,62.9,Good
S3495,90.23,80.09,66.94,Good
S3496,93.0,90.95,58.17,Good
S3497,67.98,94.28,70.17,Good
S3498,66.24,81.2,95.23,Good
S3499,75.85,51.76,61.22,Average
S3500,52.29,74.06,84.22,Average
S3501,97.27,94.24,57.09,Good
S3502,57.19,85.7,67.7,Average
S3503,95.15,93.51,66.06,Excellent
S3504,54.18,83.7,96.85,Good
S3505,91.13,52.2,71.4,Good
S3506,57.6,98.4,84.52,Good
S3507,51.91,95.9,80.12,Good
S3508,85.97,56.33,57.05,Average
S3509,64.01,55.63,96.98,Good
S3510,85.72,76.95,67.29,Good
S3511,77.75,87.85,52.24,Good
S3512,55.44,69.11,65.02,Average
S3513,96.61,56.82,66.78,Good
S3514,72.62,75.53,54.64,Average
S3515,86.72,66.88,81.0,Good
S3516,75.05,67.59,67.34,Good
S3517,80.22,82.25,81.46,Good
S3518,65.14,94.28,50.34,Average
S3519,60.02,77.93,99.1,Good
S3520,77.13,84.38,58.53,Good
S3521,72.01,83.0,82.97,Good
S3522,69.51,77.56,85.79,Good
S3523,83.63,65.54,58.58,Good
S3524,84.53,68.89,55.59,Good
S3525,52.3,65.79,57.63,Poor
S3526,66.94,95.87,62.34,Good
S3527,70.59,91.33,58.41,Good
S3528,54.84,78.97,83.7,Good
S3529,61.8,95.61,71.04,Good
S3530,52.58,94.32,76.89,Good
S3531,99.81,96.38,52.37,Good
S3532,86.83,61.09,93.06,Good
S3533,54.37,85.88,58.53,Average
S3534,51.01,80.46,68.01,Average
S3535,85.96,86.69,53.6,Good
S3536,71.96,63.17,56.84,Average
S3537,89.34,84.74,83.29,Excellent
S3538,96.17,70.49,84.63,Excellent
S3539,79.97,91.7,83.85,Good
S3540,59.36,89.77,77.61,Good
S3541,89.11,60.57,97.63,Good
S3542,97.79,59.19,75.36,Good
S3543,79.01,85.89,72.47,Good
S3544,84.1,77.52,62.38,Good
S3545,66.87,77.86,54.94,Average
S3546,69.08,87.63,77.41,Good
S3547,86.73,92.75,65.74,Good
S3548,96.39,61.95,76.2,Good
S3549,81.45,77.78,60.31,Good
S3550,89.49,91.45,91.91,Excellent
S3551,58.58,93.64,99.98,Good
S3552,60.6,64.37,66.12,Average
S3553,76.6,55.21,92.12,Good
S3554,58.83,61.64,93.65,Good
S3555,81.75,97.27,99.8,Excellent
S3556,64.58,73.12,67.14,Average
S3557,89.58,70.93,87.8,Good
S3558,90.41,50.65,61.44,Average
S3559,73.19,52.55,81.24,Average
S3560,59.04,83.43,85.24,Good
S3561,82.34,79.49,87.06,Good
S3562,99.64,78.78,60.36,Good
S3563,81.13,55.52,92.44,Good
S3564,51.79,67.6,71.05,Average
S3565,50.86,90.62,60.82,Average
S3566,66.02,58.75,77.13,Average
S3567,59.79,94.13,93.17,Good
S3568,90.65,56.07,98.35,Good
S3569,92.24,58.46,87.41,Good
S3570,62.93,73.89,50.28,Average
S3571,66.28,97.26,56.74,Good
S3572,61.81,66.48,53.81,Average
S3573,95.42,82.91,55.06,Good
S3574,75.13,79.43,69.15,Good
S3575,82.81,57.48,66.92,Good
S3576,70.77,62.41,55.68,Average
S3577,81.55,96.51,94.11,Excellent
S3578,69.29,59.24,80.77,Average
S3579,66.98,84.75,89.82,Good
S3580,81.72,98.23,68.58,Good
S3581,79.55,55.98,70.51,Average
S3582,64.68,69.96,65.88,Average
S3583,57.47,61.2,71.92,Average
S3584,68.43,61.08,80.52,Average
S3585,70.76,55.95,74.65,Average
S3586,81.43,82.48,91.9,Good
S3587,95.73,87.32,95.01,Excellent
S3588,51.81,83.84,73.48,Average
S3589,62.18,96.23,61.99,Good
S3590,59.69,57.28,97.26,Good
S3591,75.11,65.99,86.75,Good
S3592,71.49,67.23,82.01,Good
S3593,86.45,61.6,87.27,Good
S3594,62.12,57.11,53.8,Poor
S3595,79.72,74.34,53.38,Good
S3596,94.19,91.72,57.66,Good
S3597,95.53,97.73,57.37,Good
S3598,97.94,56.47,71.03,Good
S3599,88.66,91.16,57.87,Good
S3600,95.3,91.23,92.73,Excellent
S3601,61.73,69.45,78.9,Average
S3602,59.88,55.5,68.41,Average
S3603,50.32,99.5,53.48,Average
S3604,85.34,82.78,79.55,Good
S3605,96.87,99.11,55.83,Excellent
S3606,59.35,74.18,87.16,Good
S3607,81.85,69.76,90.14,Good
S3608,87.32,62.36,77.2,Good
S3609,96.38,99.18,57.48,Excellent
S3610,82.34,62.66,89.34,Good
S3611,98.51,51.19,65.39,Good
S3612,67.23,75.62,61.13,Average
S3613,67.5,68.85,73.53,Average
S3614,77.15,63.07,96.13,Good
S3615,69.18,81.73,64.87,Good
S3616,50.07,68.21,95.28,Average
S3617,86.59,70.11,52.68,Good
S3618,87.59,51.15,54.18,Average
S3619,87.35,79.45,84.93,Good
S3620,67.25,56.1,59.53,Average
S3621,76.11,60.69,65.83,Average
S3622,68.0,85.86,56.82,Good
S3623,50.8,65.66,66.61,Average
S3624,78.12,58.16,64.02,Average
S3625,56.19,78.87,86.82,Good
S3626,54.0,60.75,85.1,Average
S3627,87.77,63.55,97.75,Good
S3628,50.48,81.07,86.22,Good
S3629,97.95,86.99,84.74,Excellent
S3630,75.76,86.98,84.71,Good
S3631,99.15,74.11,94.15,Excellent
S3632,52.9,72.71,64.81,Average
S3633,79.18,89.38,65.0,Good
S3634,67.47,59.65,87.06,Good
S3635,92.17,57.61,61.44,Good
S3636,68.06,83.23,95.6,Good
S3637,63.02,70.48,76.74,Average
S3638,92.88,85.5,65.01,Good
S3639,68.73,62.83,88.8,Good
S3640,50.84,66.24,65.62,Poor
S3641,69.51,94.83,98.16,Excellent
S3642,82.73,71.08,99.15,Good
S3643,62.72,79.55,83.34,Good
S3644,71.6,55.33,55.68,Average
S3645,52.84,58.94,63.16,Poor
S3646,79.4,51.79,75.77,Good
S3647,87.81,71.22,92.57,Good
S3648,70.67,99.45,59.24,Good
S3649,71.01,93.69,55.22,Good
S3650,54.41,81.65,53.72,Average
S3651,60.1,93.05,75.35,Good
S3652,57.73,79.71,94.24,Good
S3653,74.08,68.44,52.12,Average
S3654,76.46,58.68,60.62,Average
S3655,97.45,82.65,84.66,Excellent
S3656,53.66,59.65,91.29,Average
S3657,79.99,70.87,90.37,Good
S3658,76.32,91.29,89.25,Good
S3659,75.81,56.46,56.49,Average
S3660,93.66,56.45,69.86,Good
S3661,60.28,61.22,99.24,Good
S3662,52.04,77.6,99.44,Good
S3663,83.61,62.59,80.12,Good
S3664,67.26,75.16,85.46,Good
S3665,50.88,65.1,97.56,Average
S3666,62.57,75.31,72.5,Average
S3667,65.47,63.88,56.84,Average
S3668,80.84,99.0,83.45,Excellent
S3669,58.63,74.64,98.01,Good
S3670,70.65,87.18,84.86,Good
S3671,74.12,85.03,90.17,Good
S3672,72.96,74.53,71.14,Good
S3673,98.7,61.94,54.82,Good
S3674,52.28,75.54,58.44,Average
S3675,97.55,84.05,99.13,Excellent
S3676,79.1,73.0,74.66,Good
S3677,89.79,54.1,50.6,Average
S3678,71.52,50.9,97.77,Good
S3679,72.69,66.39,74.89,Good
S3680,93.97,57.51,91.81,Good
S3681,94.8,95.31,77.42,Excellent
S3682,61.93,58.79,55.09,Poor
S3683,59.96,69.71,80.78,Average
S3684,74.81,85.6,99.87,Excellent
S3685,95.01,90.77,51.74,Good
S3686,66.12,73.89,92.09,Good
S3687,82.6,59.06,61.77,Average
S3688,85.41,63.54,69.69,Good
S3689,88.93,70.95,68.64,Good
S3690,78.2,68.23,94.94,Good
S3691,70.12,67.43,75.22,Good
S3692,98.35,56.59,72.36,Good
S3693,80.57,95.67,90.9,Excellent
S3694,86.43,51.49,52.45,Average
S3695,67.25,72.0,54.32,Average
S3696,83.5,99.02,51.08,Good
S3697,62.89,82.99,84.4,Good
S3698,62.25,67.77,76.28,Average
S3699,85.74,57.3,93.8,Good
S3700,76.07,98.19,74.93,Good
S3701,84.16,50.7,61.09,Average
S3702,63.47,84.07,90.26,Good
S3703,79.94,94.01,64.72,Good
S3704,72.2,51.26,96.78,Good
S3705,79.85,86.26,62.52,Good
S3706,64.54,99.94,58.39,Good
S3707,85.77,81.98,74.67,Good
S3708,90.3,70.73,52.53,Good
S3709,63.0,93.72,51.82,Average
S3710,65.03,77.71,74.8,Good
S3711,83.06,87.47,60.76,Good
S3712,84.78,79.39,50.47,Good
S3713,85.2,51.91,64.8,Average
S3714,84.13,60.66,73.87,Good
S3715,69.64,53.94,69.71,Average
S3716,69.74,55.33,56.77,Average
S3717,62.74,50.77,78.98,Average
S3718,57.84,71.06,85.52,Good
S3719,84.63,58.93,83.78,Good
S3720,54.66,92.78,69.69,Good
S3721,96.89,87.5,56.88,Good
S3722,91.33,78.66,74.97,Good
S3723,92.88,74.45,94.52,Excellent
S3724,95.33,62.79,73.44,Good
S3725,70.43,73.75,59.78,Average
S3726,92.34,82.06,54.65,Good
S3727,57.9,89.11,97.2,Good
S3728,51.08,54.08,87.15,Average
S3729,89.24,85.42,65.65,Good
S3730,53.74,87.14,64.77,Average
S3731,99.43,77.95,94.76,Excellent
S3732,83.74,60.72,58.88,Average
S3733,87.67,76.96,76.75,Good
S3734,62.29,75.14,85.68,Good
S3735,83.69,73.79,69.82,Good
S3736,52.16,73.03,52.0,Poor
S3737,91.89,55.54,61.39,Good
S3738,58.48,59.14,95.09,Average
S3739,84.87,54.87,76.16,Good
S3740,61.22,62.12,90.77,Good
S3741,53.42,63.17,77.78,Average
S3742,74.07,62.25,97.18,Good
S3743,58.46,60.55,95.46,Good
S3744,86.47,86.77,74.14,Good
S3745,61.88,90.93,65.91,Good
S3746,67.12,66.36,80.08,Good
S3747,78.37,65.26,83.74,Good
S3748,64.25,92.2,74.92,Good
S3749,68.9,81.2,91.11,Good
S3750,90.78,64.67,59.17,Good
S3751,58.96,85.68,66.72,Average
S3752,54.11,67.23,84.32,Average
S3753,66.42,79.33,62.33,Average
S3754,71.22,99.63,71.99,Good
S3755,77.13,65.08,98.19,Good
S3756,68.62,96.53,81.29,Good
S3757,89.5,66.03,97.45,Good
S3758,51.97,77.01,86.12,Average
S3759,71.59,73.0,86.23,Good
S3760,69.11,89.16,79.59,Good
S3761,82.38,53.05,57.11,Average
S3762,98.31,81.36,75.99,Excellent
S3763,75.52,88.03,62.63,Good
S3764,99.34,73.61,99.93,Excellent
S3765,65.11,55.26,63.35,Average
S3766,51.54,62.24,61.53,Poor
S3767,58.28,83.98,81.19,Good
S3768,69.76,94.77,75.55,Good
S3769,65.82,71.08,51.07,Average
S3770,54.85,78.02,56.48,Average
S3771,71.63,61.42,90.55,Good
S3772,66.91,70.61,74.18,Good
S3773,56.13,66.84,57.3,Poor
S3774,64.81,82.78,73.26,Good
S3775,94.32,99.23,62.66,Excellent
S3776,65.1,90.67,61.18,Good
S3777,85.7,59.61,97.89,Good
S3778,80.6,78.88,68.1,Good
S3779,71.36,53.32,52.32,Average
S3780,61.95,62.35,98.52,Good
S3781,68.45,58.61,89.74,Good
S3782,79.61,66.78,62.72,Good
S3783,67.54,83.94,70.44,Good
S3784,60.74,74.97,93.11,Good
S3785,55.82,96.65,67.87,Good
S3786,93.99,60.64,78.37,Good
S3787,72.02,68.21,76.74,Good
S3788,81.26,66.49,70.06,Good
S3789,74.52,61.8,81.98,Good
S3790,93.63,99.66,73.66,Excellent
S3791,77.35,69.36,51.06,Average
S3792,74.04,97.03,90.72,Excellent
S3793,96.23,69.52,55.66,Good
S3794,85.98,60.2,73.2,Good
S3795,55.58,55.96,79.0,Average
S3796,58.89,92.78,85.28,Good
S3797,89.36,51.6,70.54,Good
S3798,91.79,98.22,86.78,Excellent
S3799,77.26,70.91,56.57,Average
S3800,77.72,62.37,82.67,Good
S3801,81.6,80.87,91.32,Good
S3802,71.96,56.65,94.47,Good
S3803,84.01,53.61,78.98,Good
S3804,55.42,91.39,65.64,Average
S3805,98.06,71.23,58.17,Good
S3806,87.51,75.91,67.28,Good
S3807,81.56,58.83,77.0,Good
S3808,65.82,53.07,59.82,Average
S3809,58.05,68.39,97.63,Good
S3810,70.47,75.31,94.86,Good
S3811,83.08,88.27,51.65,Good
S3812,81.69,75.05,78.1,Good
S3813,69.13,89.13,89.47,Good
S3814,80.66,55.77,62.27,Average
S3815,90.69,53.2,76.19,Good
S3816,51.31,57.94,70.3,Poor
S3817,72.53,88.6,59.83,Good
S3818,87.93,87.97,80.74,Excellent
S3819,77.31,57.07,99.68,Good
S3820,82.57,51.55,68.26,Average
S3821,75.83,84.26,77.62,Good
S3822,99.59,92.76,66.39,Excellent
S3823,52.73,87.71,93.85,Good
S3824,74.55,60.14,93.23,Good
S3825,54.57,79.19,58.94,Average
S3826,57.99,87.87,95.0,Good
S3827,69.15,62.79,57.58,Average
S3828,57.78,76.39,54.77,Average
S3829,98.18,65.72,82.65,Good
S3830,97.34,61.28,69.3,Good
S3831,66.81,98.48,76.54,Good
S3832,81.99,95.63,82.63,Excellent
S3833,76.69,72.28,52.64,Average
S3834,90.78,56.84,64.65,Good
S3835,81.37,86.4,73.05,Good
S3836,50.01,62.79,63.33,Poor
S3837,88.16,58.43,52.45,Average
S3838,87.34,69.08,54.33,Good
S3839,75.49,76.49,90.09,Good
S3840,95.15,54.87,95.57,Good
S3841,95.42,78.59,57.61,Good
S3842,76.2,50.77,62.46,Average
S3843,80.4,94.59,82.61,Excellent
S3844,99.83,96.04,97.71,Excellent
S3845,64.94,86.65,64.98,Good
S3846,66.23,73.33,92.76,Good
S3847,59.14,62.74,75.3,Average
S3848,94.79,87.21,97.83,Excellent
S3849,87.22,96.59,56.81,Good
S3850,55.28,57.93,98.68,Average
S3851,99.09,73.29,72.05,Good
S3852,86.55,65.76,97.65,Good
S3853,92.53,67.84,72.93,Good
S3854,52.41,70.29,76.5,Average
S3855,75.25,97.59,90.24,Excellent
S3856,84.93,62.93,86.13,Good
S3857,77.15,74.63,80.98,Good
S3858,83.33,97.57,70.85,Good
S3859,90.89,73.8,89.62,Excellent
S3860,68.72,93.18,97.41,Good
S3861,92.43,52.94,50.49,Average
S3862,58.15,97.65,79.39,Good
S3863,63.54,59.38,93.3,Good
S3864,52.17,99.0,82.66,Good
S3865,68.22,58.78,90.04,Good
S3866,69.0,72.22,94.75,Good
S3867,90.26,65.43,87.55,Good
S3868,82.66,71.66,85.85,Good
S3869,71.84,62.53,98.24,Good
S3870,82.61,98.27,93.18,Excellent
S3871,52.64,65.29,90.77,Average
S3872,59.01,82.66,54.32,Average
S3873,81.35,56.87,61.95,Average
S3874,82.07,91.22,77.84,Good
S3875,88.71,77.13,85.48,Good
S3876,70.15,98.97,65.16,Good
S3877,86.13,71.17,54.67,Good
S3878,84.2,59.77,65.55,Good
S3879,98.17,67.3,88.55,Excellent
S3880,60.76,86.85,93.87,Good
S3881,77.58,82.96,95.65,Good
S3882,80.09,88.92,68.94,Good
S3883,99.93,53.67,68.63,Good
S3884,60.06,79.02,70.34,Average
S3885,76.16,96.61,68.79,Good
S3886,67.31,55.4,83.31,Average
S3887,76.29,54.72,67.92,Average
S3888,61.61,85.83,51.02,Average
S3889,52.38,65.76,71.95,Average
S3890,78.63,82.93,61.21,Good
S3891,66.79,77.27,51.44,Average
S3892,59.1,99.3,73.54,Good
S3893,66.2,94.45,60.3,Good
S3894,52.46,83.9,72.64,Average
S3895,97.52,63.08,63.89,Good
S3896,79.06,63.1,80.19,Good
S3897,90.74,94.11,99.54,Excellent
S3898,71.16,79.27,77.36,Good
S3899,95.17,89.46,82.34,Excellent
S3900,74.17,72.49,95.96,Good
S3901,78.7,55.15,68.7,Average
S3902,74.59,66.63,58.33,Average
S3903,86.66,58.06,64.14,Good
S3904,78.33,89.09,70.14,Good
S3905,63.58,85.03,82.25,Good
S3906,57.28,54.42,50.23,Poor
S3907,80.31,81.07,92.67,Good
S3908,74.46,93.71,53.8,Good
S3909,54.8,84.87,95.03,Good
S3910,69.78,75.56,97.47,Good
S3911,75.74,65.59,99.51,Good
S3912,91.34,94.35,90.48,Excellent
S3913,53.81,71.14,57.09,Poor
S3914,67.42,92.77,85.31,Good
S3915,91.13,89.15,60.17,Good
S3916,82.42,90.81,94.86,Excellent
S3917,64.5,99.49,65.83,Good
S3918,92.27,87.44,66.34,Good
S3919,74.66,51.7,95.88,Good
S3920,74.92,60.27,50.66,Average
S3921,98.83,51.76,59.7,Good
S3922,97.36,59.5,71.1,Good
S3923,67.93,53.07,85.04,Average
S3924,57.03,75.08,82.38,Good
S3925,66.28,51.41,83.47,Average
S3926,51.52,73.63,94.0,Good
S3927,51.04,94.94,56.05,Average
S3928,69.78,87.43,76.11,Good
S3929,97.05,97.2,86.27,Excellent
S3930,93.57,61.33,81.81,Good
S3931,75.57,76.55,72.42,Good
S3932,78.26,65.93,50.86,Average
S3933,50.3,74.69,53.02,Poor
S3934,60.78,77.85,55.95,Average
S3935,51.24,51.81,67.16,Poor
S3936,87.73,61.66,55.88,Good
S3937,57.28,85.24,71.3,Average
S3938,93.45,88.65,58.93,Good
S3939,82.17,78.47,88.96,Good
S3940,61.47,63.54,93.57,Good
S3941,57.89,70.25,69.48,Average
S3942,81.38,54.8,75.57,Good
S3943,95.04,97.66,97.67,Excellent
S3944,85.92,93.43,76.78,Excellent
S3945,67.43,53.28,99.75,Good
S3946,79.37,58.32,57.11,Average
S3947,65.54,79.05,93.11,Good
S3948,99.96,61.62,74.86,Good
S3949,87.44,96.72,51.14,Good
S3950,80.72,87.78,98.61,Excellent
S3951,71.16,63.66,98.25,Good
S3952,80.91,50.31,69.16,Average
S3953,67.08,89.97,97.71,Good
S3954,51.44,71.2,57.05,Poor
S3955,69.75,82.12,84.01,Good
S3956,96.52,64.35,59.6,Good
S3957,81.32,57.14,62.33,Average
S3958,54.2,83.77,88.97,Good
S3959,94.25,72.52,68.87,Good
S3960,63.44,61.76,50.36,Poor
S3961,62.19,56.88,70.71,Average
S3962,64.85,79.02,61.4,Average
S3963,78.86,86.28,84.17,Good
S3964,77.23,64.19,59.72,Average
S3965,74.57,86.76,92.11,Good
S3966,85.88,59.16,63.35,Good
S3967,65.83,66.92,69.65,Average
S3968,89.1,87.24,64.9,Good
S3969,58.77,83.01,82.2,Good
S3970,89.13,63.53,55.06,Good
S3971,83.19,56.11,73.9,Good
S3972,84.16,52.12,66.72,Average
S3973,74.08,91.9,94.21,Excellent
S3974,83.35,53.76,53.67,Average
S3975,53.99,55.74,91.48,Average
S3976,92.58,61.89,58.38,Good
S3977,52.78,72.28,54.43,Poor
S3978,57.44,89.49,60.12,Average
S3979,78.84,62.37,55.13,Average
S3980,86.97,77.18,76.05,Good
S3981,53.81,54.52,99.41,Average
S3982,96.04,73.23,51.72,Good
S3983,98.68,58.88,73.06,Good
S3984,80.3,60.56,69.3,Good
S3985,74.06,68.34,66.98,Good
S3986,87.07,88.07,66.59,Good
S3987,66.42,87.2,94.75,Good
S3988,74.66,70.75,50.95,Average
S3989,95.81,55.93,88.75,Good
S3990,97.78,64.03,62.65,Good
S3991,96.35,75.27,69.16,Good
S3992,63.12,93.47,71.01,Good
S3993,61.62,98.41,65.24,Good
S3994,64.88,81.87,54.68,Average
S3995,72.07,67.53,55.72,Average
S3996,65.71,84.67,64.91,Good
S3997,68.71,66.81,91.09,Good
S3998,81.03,81.27,56.73,Good
S3999,88.13,62.19,87.13,Good
S4000,86.78,63.35,64.44,Good
S4001,90.72,53.76,94.17,Good
S4002,51.61,71.01,71.42,Average
S4003,52.39,80.91,58.59,Average
S4004,89.47,89.44,99.29,Excellent
S4005,76.65,90.52,58.83,Good
S4006,78.91,99.62,78.38,Good
S4007,52.63,54.39,78.46,Average
S4008,62.77,74.66,68.64,Average
S4009,81.92,76.07,97.57,Good
S4010,92.96,90.23,92.19,Excellent
S4011,95.85,63.32,91.49,Good
S4012,75.02,53.47,98.71,Good
S4013,77.27,65.69,72.86,Good
S4014,91.65,99.2,54.86,Good
S4015,76.88,94.97,88.27,Excellent
S4016,75.84,69.76,69.04,Good
S4017,95.25,93.81,59.52,Good
S4018,89.5,51.64,74.16,Good
S4019,95.45,65.71,96.29,Excellent
S4020,60.91,86.34,58.57,Average
S4021,76.22,61.07,92.43,Good
S4022,92.12,59.92,70.91,Good
S4023,55.56,93.09,56.84,Average
S4024,89.73,80.8,92.42,Excellent
S4025,59.15,99.45,98.48,Good
S4026,90.41,56.73,64.56,Good
S4027,80.6,67.81,65.18,Good
S4028,59.66,65.56,69.53,Average
S4029,73.67,94.01,90.71,Good
S4030,84.1,62.76,50.52,Average
S4031,81.69,67.67,61.2,Good
S4032,71.36,57.14,85.29,Good
S4033,94.97,88.77,70.28,Excellent
S4034,75.96,61.89,66.51,Average
S4035,75.29,53.42,93.61,Good
S4036,53.11,71.76,95.87,Good
S4037,96.11,69.57,97.4,Excellent
S4038,58.86,58.88,63.63,Average
S4039,76.42,56.68,95.63,Good
S4040,90.18,94.83,86.85,Excellent
S4041,60.77,53.39,57.71,Poor
S4042,76.37,54.97,80.51,Good
S4043,62.03,62.25,51.32,Poor
S4044,87.98,97.64,85.42,Excellent
S4045,78.22,54.27,86.68,Good
S4046,92.8,90.8,89.47,Excellent
S4047,94.73,94.6,58.63,Good
S4048,82.44,68.89,81.41,Good
S4049,86.27,64.69,58.94,Good
S4050,77.46,83.87,97.33,Excellent
S4051,69.22,85.13,83.75,Good
S4052,82.41,89.0,54.77,Good
S4053,95.41,91.53,59.35,Good
S4054,70.83,63.42,83.17,Good
S4055,65.72,84.35,73.83,Good
S4056,69.42,56.75,86.81,Good
S4057,71.77,75.54,64.04,Good
S4058,53.68,80.64,82.9,Good
S4059,74.92,58.09,58.85,Average
S4060,74.72,53.83,77.19,Average
S4061,79.42,59.74,97.89,Good
S4062,68.14,71.03,81.41,Good
S4063,80.66,94.39,52.5,Good
S4064,93.91,76.6,99.44,Excellent
S4065,97.77,87.42,57.84,Good
S4066,79.18,58.71,85.9,Good
S4067,52.13,55.3,76.63,Average
S4068,98.46,61.98,64.72,Good
S4069,85.29,65.69,58.87,Good
S4070,66.8,77.41,58.89,Average
S4071,57.36,94.06,92.92,Good
S4072,57.17,71.3,93.65,Good
S4073,58.39,75.94,73.26,Average
S4074,52.28,50.23,55.18,Poor
S4075,95.11,51.67,94.21,Good
S4076,77.04,54.19,74.35,Average
S4077,85.0,84.95,71.94,Good
S4078,91.41,74.31,70.37,Good
S4079,89.58,59.65,68.25,Good
S4080,94.13,79.63,76.3,Good
S4081,98.36,77.23,80.23,Excellent
S4082,71.95,54.44,73.32,Average
S4083,97.52,82.02,94.83,Excellent
S4084,86.16,88.36,65.88,Good
S4085,53.53,64.33,78.92,Average
S4086,84.09,84.37,65.0,Good
S4087,84.34,59.99,87.67,Good
S4088,95.29,87.84,55.11,Good
S4089,68.65,95.59,59.43,Good
S4090,79.25,72.09,90.06,Good
S4091,50.61,62.23,59.16,Poor
S4092,66.6,69.96,81.29,Good
S4093,53.11,62.5,98.51,Average
S4094,76.09,50.06,76.14,Average
S4095,90.87,82.52,59.37,Good
S4096,60.32,52.13,66.03,Poor
S4097,76.37,60.52,91.17,Good
S4098,60.2,86.12,67.58,Good
S4099,56.03,83.29,86.18,Good
S4100,75.55,53.67,88.87,Good
S4101,53.96,83.0,75.06,Average
S4102,79.37,96.53,89.16,Excellent
S4103,51.57,53.73,65.85,Poor
S4104,55.34,70.78,75.81,Average
S4105,77.5,86.47,84.33,Good
S4106,79.57,83.39,58.4,Good
S4107,51.45,61.33,63.68,Poor
S4108,78.67,58.15,82.6,Good
S4109,91.93,89.21,82.77,Excellent
S4110,86.12,97.81,74.67,Excellent
S4111,56.56,88.38,89.78,Good
S4112,79.62,98.16,74.1,Good
S4113,83.61,80.25,94.07,Excellent
S4114,51.86,96.45,86.8,Good
S4115,92.77,84.52,65.73,Good
S4116,95.31,95.44,69.76,Excellent
S4117,92.52,58.08,83.38,Good
S4118,91.23,90.78,94.72,Excellent
S4119,87.25,59.84,58.94,Good
S4120,81.67,51.37,75.73,Good
S4121,83.93,75.88,55.94,Good
S4122,90.32,65.91,63.97,Good
S4123,83.12,52.18,84.3,Good
S4124,66.39,99.02,53.89,Good
S4125,68.8,83.32,83.12,Good
S4126,94.85,95.09,95.04,Excellent
S4127,50.86,99.95,98.47,Good
S4128,84.94,69.6,60.83,Good
S4129,97.74,62.74,87.44,Good
S4130,85.31,59.19,96.32,Good
S4131,99.7,75.76,54.57,Good
S4132,84.38,80.3,70.7,Good
S4133,51.72,73.62,95.97,Good
S4134,91.35,69.36,60.14,Good
S4135,64.23,58.41,96.69,Good
S4136,72.3,72.09,76.36,Good
S4137,65.6,54.26,54.99,Poor
S4138,63.43,93.25,72.49,Good
S4139,71.57,52.35,66.31,Average
S4140,68.94,69.03,64.11,Average
S4141,81.67,55.01,77.07,Good
S4142,90.66,88.75,74.18,Excellent
S4143,64.85,65.64,74.1,Average
S4144,60.69,55.66,54.41,Poor
S4145,83.34,76.57,90.12,Good
S4146,83.52,95.81,74.07,Good
S4147,95.06,95.43,91.05,Excellent
S4148,50.8,62.48,91.23,Average
S4149,92.65,85.98,65.86,Good
S4150,76.05,51.51,50.22,Average
S4151,81.07,56.59,95.56,Good
S4152,54.57,74.97,88.03,Good
S4153,71.63,61.44,55.36,Average
S4154,61.37,89.91,85.09,Good
S4155,62.71,96.55,51.0,Average
S4156,75.2,50.22,51.39,Average
S4157,90.62,61.65,76.29,Good
S4158,87.19,71.98,54.8,Good
S4159,79.55,78.15,98.22,Good
S4160,76.97,95.8,94.69,Excellent
S4161,71.37,94.59,82.49,Good
S4162,98.64,81.86,53.19,Good
S4163,78.01,62.87,66.24,Average
S4164,62.7,89.16,68.59,Good
S4165,61.5,60.13,74.04,Average
S4166,80.57,98.26,58.45,Good
S4167,76.14,50.29,78.88,Average
S4168,50.38,78.49,71.79,Average
S4169,91.5,54.42,97.36,Good
S4170,85.21,70.38,96.81,Good
S4171,83.09,81.75,78.27,Good
S4172,53.44,84.48,82.22,Good
S4173,68.1,89.28,56.89,Good
S4174,96.77,79.67,61.17,Good
S4175,93.13,62.57,95.04,Good
S4176,64.28,94.46,84.96,Good
S4177,57.85,90.56,59.47,Average
S4178,72.45,58.0,78.51,Average
S4179,67.79,91.33,96.74,Good
S4180,84.11,98.63,67.26,Good
S4181,98.32,81.86,59.29,Good
S4182,68.15,64.09,97.1,Good
S4183,53.11,80.33,73.06,Average
S4184,94.88,67.13,70.86,Good
S4185,51.9,83.8,63.38,Average
S4186,97.64,77.24,94.58,Excellent
S4187,83.23,96.47,92.28,Excellent
S4188,97.08,80.9,70.15,Good
S4189,59.98,60.7,51.53,Poor
S4190,52.03,86.26,72.33,Average
S4191,74.41,65.04,59.04,Average
S4192,72.53,63.62,57.14,Average
S4193,66.57,69.59,69.65,Average
S4194,97.88,50.6,54.95,Good
S4195,91.13,98.46,97.87,Excellent
S4196,83.08,76.62,52.38,Good
S4197,58.14,88.67,70.07,Good
S4198,86.72,62.89,58.14,Good
S4199,86.35,87.33,84.44,Excellent
S4200,71.25,78.36,53.94,Average
S4201,96.24,71.21,77.34,Good
S4202,58.35,98.53,88.66,Good
S4203,63.37,74.69,97.5,Good
S4204,53.16,82.87,84.93,Good
S4205,89.77,50.77,54.97,Average
S4206,81.09,65.07,54.43,Average
S4207,65.75,94.43,86.58,Good
S4208,58.19,87.95,60.77,Average
S4209,52.01,76.84,72.36,Average
S4210,58.34,95.01,98.83,Good
S4211,72.66,74.31,91.0,Good
S4212,62.36,78.33,92.33,Good
S4213,62.95,69.11,93.04,Good
S4214,93.78,81.0,80.98,Excellent
S4215,75.76,65.95,87.2,Good
S4216,86.46,69.27,67.95,Good
S4217,51.79,98.32,99.92,Good
S4218,68.26,55.57,63.98,Average
S4219,73.96,55.26,79.5,Good
S4220,59.32,52.17,64.1,Poor
S4221,56.01,66.0,55.6,Poor
S4222,93.52,69.91,78.38,Good
S4223,96.97,54.73,67.67,Good
S4224,53.94,77.46,79.16,Average
S4225,67.45,79.17,77.93,Good
S4226,97.91,87.55,77.11,Excellent
S4227,54.16,98.8,56.17,Average
S4228,82.18,80.97,72.01,Good
S4229,98.61,55.58,90.6,Good
S4230,98.91,54.43,65.76,Good
S4231,73.56,88.88,72.19,Good
S4232,58.14,82.52,74.69,Good
S4233,60.1,58.1,93.14,Average
S4234,94.48,62.67,82.78,Good
S4235,95.58,87.51,55.01,Good
S4236,80.39,78.31,93.26,Good
S4237,88.31,79.25,91.6,Excellent
S4238,87.0,60.5,87.68,Good
S4239,83.09,81.45,73.3,Good
S4240,91.36,88.53,87.88,Excellent
S4241,84.27,94.26,73.94,Good
S4242,76.7,86.84,86.83,Good
S4243,61.85,78.82,94.01,Good
S4244,87.19,83.66,94.53,Excellent
S4245,73.67,74.26,72.73,Good
S4246,64.74,61.34,92.97,Good
S4247,90.1,94.11,55.07,Good
S4248,84.84,76.63,55.09,Good
S4249,96.87,79.72,77.41,Excellent
S4250,58.27,99.51,82.59,Good
S4251,82.46,99.25,57.65,Good
S4252,62.21,79.32,73.61,Good
S4253,95.18,51.7,54.72,Average
S4254,54.97,69.81,80.1,Average
S4255,82.81,96.86,92.75,Excellent
S4256,89.55,64.42,86.88,Good
S4257,67.75,99.96,68.91,Good
S4258,97.71,54.22,99.69,Excellent
S4259,92.54,78.41,83.15,Excellent
S4260,64.73,75.77,90.76,Good
S4261,50.38,62.77,83.48,Average
S4262,64.83,97.43,99.47,Excellent
S4263,64.07,80.96,91.07,Good
S4264,94.5,61.51,75.97,Good
S4265,98.36,69.2,68.34,Good
S4266,53.52,86.06,84.11,Good
S4267,73.56,64.88,79.51,Good
S4268,77.42,93.98,81.47,Good
S4269,54.65,58.28,67.15,Poor
S4270,68.87,63.23,71.44,Average
S4271,65.85,57.24,77.9,Average
S4272,76.8,55.21,91.96,Good
S4273,83.06,65.02,88.15,Good
S4274,85.17,99.96,55.93,Good
S4275,56.84,54.72,62.28,Poor
S4276,90.65,60.65,51.33,Average
S4277,83.93,63.58,50.4,Average
S4278,94.45,80.96,61.22,Good
S4279,72.47,87.27,89.97,Good
S4280,94.69,87.6,95.24,Excellent
S4281,93.29,50.43,69.59,Good
S4282,71.92,82.59,78.16,Good
S4283,69.06,81.54,85.3,Good
S4284,96.64,75.88,97.65,Excellent
S4285,85.76,68.96,95.65,Good
S4286,96.41,89.87,52.86,Good
S4287,89.85,67.19,62.41,Good
S4288,80.46,61.5,52.46,Average
S4289,55.79,65.5,80.83,Average
S4290,64.57,71.98,85.52,Good
S4291,98.44,60.7,65.41,Good
S4292,65.97,80.38,92.69,Good
S4293,54.66,94.21,72.64,Good
S4294,85.38,79.77,99.92,Excellent
S4295,86.7,72.33,50.02,Good
S4296,64.27,89.84,55.47,Average
S4297,64.88,87.4,65.09,Good
S4298,73.44,68.35,51.28,Average
S4299,51.09,80.21,89.12,Good
S4300,89.47,86.49,52.64,Good
S4301,65.85,62.27,87.45,Good
S4302,92.69,68.31,52.63,Good
S4303,90.13,55.29,62.64,Good
S4304,83.07,99.38,92.06,Excellent
S4305,66.24,54.29,97.55,Good
S4306,75.82,58.43,70.73,Average
S4307,72.24,73.99,98.5,Good
S4308,66.94,93.26,81.34,Good
S4309,92.41,67.79,70.79,Good
S4310,74.18,88.43,90.14,Good
S4311,91.64,83.8,64.77,Good
S4312,55.26,81.93,63.29,Average
S4313,57.05,92.25,82.83,Good
S4314,98.87,50.71,69.52,Good
S4315,79.39,96.46,56.8,Good
S4316,75.49,91.46,53.35,Good
S4317,76.16,96.89,89.39,Excellent
S4318,60.76,89.68,83.8,Good
S4319,85.94,93.93,70.59,Good
S4320,54.24,60.15,94.81,Average
S4321,78.67,65.96,70.54,Good
S4322,78.54,65.76,85.51,Good
S4323,95.71,55.46,95.46,Good
S4324,76.31,86.48,92.04,Good
S4325,56.85,56.81,75.56,Average
S4326,78.64,52.63,84.03,Good
S4327,54.57,88.77,70.68,Average
S4328,60.19,95.23,82.36,Good
S4329,51.56,88.21,62.88,Average
S4330,75.66,91.27,71.74,Good
S4331,54.23,79.78,60.48,Average
S4332,73.47,94.39,51.91,Good
S4333,96.65,74.84,79.43,Good
S4334,85.99,99.42,93.22,Excellent
S4335,53.87,55.17,51.28,Poor
S4336,61.21,90.46,59.8,Average
S4337,83.68,82.07,73.01,Good
S4338,94.74,79.03,83.29,Excellent
S4339,51.65,86.29,58.56,Average
S4340,90.62,92.01,52.83,Good
S4341,78.09,93.14,75.95,Good
S4342,77.3,58.77,90.94,Good
S4343,97.89,59.85,51.76,Good
S4344,87.38,50.81,67.47,Good
S4345,92.51,56.59,83.18,Good
S4346,67.7,63.19,56.54,Average
S4347,77.72,86.05,61.8,Good
S4348,80.77,73.79,76.77,Good
S4349,66.08,87.9,97.66,Good
S4350,78.51,74.33,64.37,Good
S4351,61.83,77.78,74.38,Good
S4352,57.17,55.55,70.0,Average
S4353,68.7,88.83,94.87,Good
S4354,86.96,87.91,53.59,Good
S4355,95.81,65.38,78.31,Good
S4356,72.89,66.43,92.31,Good
S4357,82.14,60.98,99.41,Good
S4358,55.15,90.69,84.94,Good
S4359,95.22,87.35,69.0,Good
S4360,78.43,80.46,70.59,Good
S4361,89.02,61.94,67.58,Good
S4362,89.72,58.59,80.18,Good
S4363,62.82,52.51,86.97,Average
S4364,76.46,52.28,90.97,Good
S4365,98.02,59.36,70.83,Good
S4366,54.48,55.03,85.84,Average
S4367,84.15,77.81,95.81,Excellent
S4368,98.11,67.9,96.04,Excellent
S4369,65.03,72.25,85.2,Good
S4370,93.07,79.7,81.85,Excellent
S4371,96.68,82.96,76.58,Excellent
S4372,87.35,82.41,59.16,Good
S4373,61.57,63.04,56.18,Average
S4374,66.7,90.48,74.29,Good
S4375,51.79,95.89,57.97,Average
S4376,91.57,65.8,78.85,Good
S4377,92.48,50.85,82.29,Good
S4378,81.64,94.96,76.28,Good
S4379,67.63,96.18,51.82,Good
S4380,53.84,52.55,52.89,Poor
S4381,87.65,50.25,55.67,Average
S4382,86.33,90.82,57.68,Good
S4383,95.63,65.07,99.49,Excellent
S4384,86.53,95.73,67.22,Good
S4385,91.43,60.84,64.6,Good
S4386,87.3,93.06,52.61,Good
S4387,81.53,53.43,81.77,Good
S4388,71.35,63.03,82.61,Good
S4389,95.11,98.66,58.77,Excellent
S4390,82.55,61.56,95.96,Good
S4391,69.92,56.65,90.02,Good
S4392,54.17,92.85,61.52,Average
S4393,64.54,55.89,74.29,Average
S4394,77.19,54.87,72.92,Average
S4395,63.78,66.17,67.43,Average
S4396,61.06,81.77,90.88,Good
S4397,76.37,85.54,55.46,Good
S4398,58.49,94.06,70.77,Good
S4399,90.02,77.05,71.4,Good
S4400,74.22,69.67,73.44,Good
S4401,78.69,67.94,93.07,Good
S4402,57.37,92.35,60.91,Average
S4403,66.23,86.19,55.15,Average
S4404,70.5,95.27,80.89,Good
S4405,90.41,98.2,58.69,Good
S4406,88.51,65.0,53.75,Good
S4407,61.15,76.48,71.33,Average
S4408,80.81,81.59,60.98,Good
S4409,62.17,58.19,68.06,Average
S4410,99.41,52.67,62.99,Good
S4411,97.61,93.39,54.63,Good
S4412,78.16,76.78,78.02,Good
S4413,84.95,78.54,51.35,Good
S4414,90.07,77.75,98.32,Excellent
S4415,86.05,87.75,67.07,Good
S4416,84.99,57.28,84.76,Good
S4417,97.93,80.7,90.52,Excellent
S4418,79.82,73.47,63.96,Good
S4419,81.82,94.85,87.44,Excellent
S4420,92.46,75.98,91.62,Excellent
S4421,83.49,97.15,62.07,Good
S4422,86.65,67.66,99.62,Good
S4423,61.71,98.34,51.03,Average
S4424,68.56,93.76,60.85,Good
S4425,57.37,79.21,89.0,Good
S4426,75.29,67.69,59.71,Average
S4427,72.79,68.8,84.91,Good
S4428,99.86,88.64,92.78,Excellent
S4429,80.56,79.03,97.96,Excellent
S4430,89.32,70.08,73.71,Good
S4431,66.7,81.8,98.56,Good
S4432,91.58,86.66,70.58,Good
S4433,80.75,51.15,60.91,Average
S4434,84.85,54.49,75.7,Good
S4435,64.72,54.72,82.49,Average
S4436,77.43,61.6,72.9,Good
S4437,81.7,71.35,78.35,Good
S4438,79.45,90.18,70.82,Good
S4439,95.76,67.55,76.24,Good
S4440,94.91,50.87,97.63,Good
S4441,98.55,74.17,74.99,Good
S4442,83.37,99.83,62.66,Good
S4443,98.6,67.45,87.94,Excellent
S4444,91.62,98.06,66.88,Excellent
S4445,63.54,55.07,90.81,Average
S4446,71.37,58.65,52.84,Average
S4447,61.92,86.21,66.61,Good
S4448,50.21,75.06,54.72,Poor
S4449,59.4,88.26,54.27,Average
S4450,50.2,93.18,82.92,Good
S4451,85.99,62.55,69.27,Good
S4452,71.28,84.14,93.57,Good
S4453,65.63,80.38,75.82,Good
S4454,88.09,93.08,64.77,Good
S4455,91.62,71.51,86.04,Good
S4456,98.76,52.59,81.2,Good
S4457,82.1,78.71,89.98,Good
S4458,73.08,97.94,82.18,Good
S4459,65.26,50.73,58.35,Poor
S4460,61.12,62.01,83.52,Average
S4461,60.65,65.8,69.58,Average
S4462,70.46,88.29,73.16,Good
S4463,99.59,66.16,96.08,Excellent
S4464,50.04,61.95,68.0,Poor
S4465,59.86,82.43,80.6,Good
S4466,59.42,52.32,68.17,Poor
S4467,85.86,58.53,54.74,Average
S4468,67.62,70.4,72.68,Average
S4469,72.86,67.78,79.85,Good
S4470,57.43,67.36,70.38,Average
S4471,70.25,55.43,69.53,Average
S4472,55.16,68.04,91.02,Average
S4473,76.65,89.9,51.48,Good
S4474,54.9,70.69,64.78,Average
S4475,89.53,79.31,90.59,Excellent
S4476,78.33,58.18,96.03,Good
S4477,86.2,53.49,70.61,Good
S4478,70.93,94.0,94.44,Good
S4479,69.07,66.57,59.95,Average
S4480,54.91,67.52,61.07,Average
S4481,76.19,93.88,92.31,Excellent
S4482,75.73,85.39,95.16,Good
S4483,73.41,87.81,61.14,Good
S4484,87.03,84.1,52.97,Good
S4485,91.63,55.29,54.52,Average
S4486,87.54,97.9,63.07,Good
S4487,57.19,95.46,88.07,Good
S4488,81.1,61.81,75.5,Good
S4489,54.02,90.2,72.78,Good
S4490,84.73,70.47,79.21,Good
S4491,69.09,84.19,94.51,Good
S4492,56.62,58.28,54.52,Poor
S4493,93.1,76.93,84.74,Excellent
S4494,80.7,56.33,96.34,Good
S4495,67.74,76.81,60.67,Average
S4496,51.54,62.18,91.89,Average
S4497,76.87,72.62,84.9,Good
S4498,96.16,83.4,50.72,Good
S4499,79.82,93.85,61.58,Good
S4500,98.58,58.26,80.29,Good
S4501,56.82,94.66,75.12,Good
S4502,78.42,69.5,76.4,Good
S4503,89.91,92.19,61.6,Good
S4504,76.28,75.63,83.75,Good
S4505,54.55,93.11,63.32,Average
S4506,79.14,83.14,69.47,Good
S4507,80.59,75.44,68.45,Good
S4508,86.44,65.63,83.6,Good
S4509,88.06,98.45,54.51,Good
S4510,88.54,90.04,60.28,Good
S4511,83.17,69.06,60.02,Good
S4512,60.79,58.34,55.42,Poor
S4513,70.21,88.98,60.38,Good
S4514,88.81,99.5,80.35,Excellent
S4515,97.67,63.95,86.61,Good
S4516,53.95,95.79,83.02,Good
S4517,76.78,56.27,73.76,Average
S4518,65.63,97.61,52.62,Good
S4519,61.27,87.27,97.95,Good
S4520,75.29,67.33,58.4,Average
S4521,80.3,65.23,83.42,Good
S4522,50.49,82.17,95.64,Good
S4523,89.01,79.68,84.89,Good
S4524,90.99,95.95,60.9,Good
S4525,98.28,88.31,65.79,Excellent
S4526,59.03,77.02,51.51,Average
S4527,79.73,96.38,80.64,Good
S4528,71.33,79.64,80.65,Good
S4529,66.74,92.48,86.28,Good
S4530,78.28,92.05,50.55,Good
S4531,89.12,95.96,90.89,Excellent
S4532,51.15,53.38,86.94,Average
S4533,98.47,79.19,57.04,Good
S4534,90.49,73.42,67.38,Good
S4535,87.56,74.53,81.93,Good
S4536,88.02,73.0,74.79,Good
S4537,69.45,91.87,55.75,Good
S4538,87.58,65.92,54.37,Good
S4539,69.34,73.14,89.07,Good
S4540,94.94,60.03,57.8,Good
S4541,58.86,62.59,58.6,Poor
S4542,64.62,83.02,91.55,Good
S4543,77.57,55.85,80.61,Good
S4544,65.96,59.39,80.24,Average
S4545,71.21,76.4,73.97,Good
S4546,74.62,52.19,78.45,Average
S4547,92.82,56.35,80.09,Good
S4548,76.16,93.17,98.39,Excellent
S4549,68.12,92.31,61.15,Good
S4550,62.39,67.39,60.73,Average
S4551,70.43,67.4,52.86,Average
S4552,75.79,96.83,82.91,Good
S4553,87.31,51.29,77.45,Good
S4554,56.05,79.01,55.56,Average
S4555,61.08,79.87,68.23,Average
S4556,68.98,89.39,58.93,Good
S4557,68.02,97.59,66.57,Good
S4558,69.59,67.79,97.56,Good
S4559,89.68,71.89,84.17,Good
S4560,66.21,83.56,50.38,Average
S4561,75.09,98.36,62.63,Good
S4562,81.2,94.54,50.52,Good
S4563,61.61,83.35,85.74,Good
S4564,85.93,92.84,73.47,Good
S4565,77.36,54.26,99.7,Good
S4566,72.34,68.86,86.68,Good
S4567,90.49,50.65,75.9,Good
S4568,62.17,58.87,90.24,Average
S4569,94.16,81.52,85.24,Excellent
S4570,78.05,94.28,62.19,Good
S4571,80.46,81.64,76.51,Good
S4572,93.75,83.21,77.8,Excellent
S4573,90.88,55.19,72.56,Good
S4574,80.08,83.24,58.96,Good
S4575,87.66,72.72,61.17,Good
S4576,71.67,82.57,64.05,Good
S4577,77.37,66.31,50.51,Average
S4578,53.1,79.07,95.85,Good
S4579,54.49,71.2,84.3,Average
S4580,91.47,77.93,84.48,Excellent
S4581,52.98,57.35,78.62,Average
S4582,58.47,69.79,84.47,Average
S4583,89.79,68.71,99.09,Excellent
S4584,50.06,86.82,69.26,Average
S4585,64.12,85.32,85.63,Good
S4586,79.2,95.44,67.98,Good
S4587,79.77,81.6,92.71,Good
S4588,88.86,65.73,92.9,Good
S4589,75.3,89.16,95.11,Excellent
S4590,75.47,74.85,50.27,Average
S4591,86.27,59.67,64.91,Good
S4592,74.93,87.37,56.7,Good
S4593,80.42,56.63,72.7,Good
S4594,94.89,58.91,74.77,Good
S4595,70.07,87.94,62.8,Good
S4596,69.26,88.51,86.17,Good
S4597,50.18,89.54,63.49,Average
S4598,80.67,64.67,92.69,Good
S4599,51.49,93.33,58.88,Average
S4600,75.21,86.13,68.36,Good
S4601,90.21,91.7,81.11,Excellent
S4602,77.5,85.43,80.27,Good
S4603,63.48,78.98,53.9,Average
S4604,89.31,55.47,92.31,Good
S4605,63.49,85.55,79.9,Good
S4606,86.65,84.52,93.49,Excellent
S4607,80.51,65.62,93.38,Good
S4608,58.5,86.79,77.3,Good
S4609,95.26,77.52,95.54,Excellent
S4610,60.03,77.97,92.42,Good
S4611,99.48,68.38,97.91,Excellent
S4612,50.37,55.84,92.52,Average
S4613,63.17,60.85,91.06,Good
S4614,59.99,88.44,73.47,Good
S4615,50.7,63.57,60.6,Poor
S4616,86.62,50.11,95.54,Good
S4617,84.67,99.85,86.13,Excellent
S4618,89.62,60.53,64.09,Good
S4619,62.83,82.77,67.05,Good
S4620,72.22,96.35,84.3,Good
S4621,82.96,79.99,73.89,Good
S4622,71.99,89.95,54.07,Good
S4623,84.87,98.82,57.07,Good
S4624,81.7,93.02,87.28,Excellent
S4625,55.73,77.9,66.43,Average
S4626,89.05,68.19,75.38,Good
S4627,86.03,74.12,88.33,Good
S4628,82.79,92.09,87.56,Excellent
S4629,57.75,92.67,58.35,Average
S4630,63.4,92.29,54.92,Average
S4631,69.66,79.86,79.56,Good
S4632,64.0,73.85,87.08,Good
S4633,61.39,65.57,57.45,Average
S4634,90.27,50.17,68.6,Good
S4635,81.91,88.22,93.51,Excellent
S4636,78.27,63.85,97.21,Good
S4637,61.3,66.48,72.7,Average
S4638,95.9,92.17,53.98,Good
S4639,59.56,52.61,62.88,Poor
S4640,89.75,96.38,61.65,Good
S4641,98.33,50.07,61.95,Good
S4642,86.35,96.96,74.69,Excellent
S4643,99.64,72.74,79.16,Excellent
S4644,82.55,55.11,56.13,Average
S4645,60.87,83.71,94.47,Good
S4646,60.19,94.79,81.0,Good
S4647,66.23,71.9,79.86,Good
S4648,50.36,84.57,99.36,Good
S4649,84.08,98.97,81.41,Excellent
S4650,63.43,62.04,96.45,Good
S4651,90.76,91.02,64.31,Good
S4652,67.96,64.76,62.01,Average
S4653,74.0,71.32,75.83,Good
S4654,98.28,64.09,75.43,Good
S4655,62.11,72.3,61.32,Average
S4656,86.06,50.25,84.98,Good
S4657,87.76,65.17,51.48,Good
S4658,61.05,72.26,84.53,Good
S4659,75.05,81.61,72.86,Good
S4660,67.51,81.87,84.45,Good
S4661,88.6,79.19,73.85,Good
S4662,81.12,64.65,98.87,Good
S4663,73.8,97.37,66.73,Good
S4664,88.97,69.6,99.13,Excellent
S4665,61.76,60.84,53.25,Poor
S4666,87.68,77.73,84.19,Good
S4667,93.27,87.45,72.71,Excellent
S4668,93.93,50.61,91.11,Good
S4669,89.18,63.82,89.48,Good
S4670,70.4,91.25,90.01,Good
S4671,99.09,75.35,54.74,Good
S4672,68.98,70.42,91.12,Good
S4673,81.93,96.55,60.7,Good
S4674,58.05,54.48,51.28,Poor
S4675,99.02,80.78,60.89,Good
S4676,85.2,67.11,73.96,Good
S4677,87.67,53.54,87.11,Good
S4678,53.29,60.69,60.93,Poor
S4679,88.17,81.4,55.65,Good
S4680,88.74,51.41,82.3,Good
S4681,83.59,79.61,99.19,Excellent
S4682,64.6,97.84,80.04,Good
S4683,74.48,89.75,84.55,Good
S4684,55.52,67.28,78.06,Average
S4685,73.58,56.91,89.12,Good
S4686,62.19,73.25,98.79,Good
S4687,67.45,69.65,77.21,Good
S4688,58.13,98.59,70.84,Good
S4689,61.5,99.49,93.02,Good
S4690,53.83,70.53,98.49,Good
S4691,96.0,57.44,56.46,Good
S4692,76.52,95.53,78.91,Good
S4693,69.84,89.68,89.62,Good
S4694,76.75,75.56,76.67,Good
S4695,81.41,68.27,70.46,Good
S4696,96.09,72.41,82.76,Good
S4697,58.93,95.09,63.51,Good
S4698,64.78,59.23,67.46,Average
S4699,98.79,90.34,99.61,Excellent
S4700,68.56,50.91,81.82,Average
S4701,51.13,96.03,93.65,Good
S4702,57.38,75.01,90.39,Good
S4703,51.32,61.34,82.61,Average
S4704,99.5,50.14,92.04,Good
S4705,63.94,77.98,64.36,Average
S4706,96.18,62.22,81.86,Good
S4707,99.79,81.56,79.53,Excellent
S4708,79.99,64.06,81.12,Good
S4709,51.66,54.4,58.43,Poor
S4710,54.08,75.25,63.86,Average
S4711,74.08,78.22,64.33,Good
S4712,70.31,72.63,80.1,Good
S4713,80.31,72.9,98.63,Good
S4714,71.94,79.48,97.7,Good
S4715,96.7,76.32,61.36,Good
S4716,76.74,56.63,65.24,Average
S4717,84.69,59.85,51.8,Average
S4718,94.82,57.09,69.94,Good
S4719,57.34,84.66,91.73,Good
S4720,61.49,76.43,95.79,Good
S4721,55.37,71.49,61.82,Average
S4722,56.98,89.92,63.29,Average
S4723,75.63,66.29,61.04,Average
S4724,66.06,78.41,67.51,Good
S4725,71.16,53.72,90.24,Good
S4726,99.12,87.22,82.34,Excellent
S4727,57.84,84.76,89.3,Good
S4728,77.04,90.12,79.15,Good
S4729,54.94,94.22,62.89,Average
S4730,65.92,87.9,61.4,Good
S4731,76.38,92.22,50.45,Good
S4732,97.33,67.28,89.05,Excellent
S4733,69.56,67.17,92.36,Good
S4734,53.25,97.22,88.41,Good
S4735,69.41,95.73,53.72,Good
S4736,57.29,77.42,88.11,Good
S4737,61.5,68.33,52.29,Average
S4738,80.9,93.3,55.28,Good
S4739,53.37,66.17,72.02,Average
S4740,73.24,57.68,73.81,Average
S4741,80.47,81.97,90.81,Good
S4742,71.09,52.13,83.98,Average
S4743,50.96,68.96,57.67,Poor
S4744,99.28,90.38,61.31,Excellent
S4745,68.36,64.76,64.28,Average
S4746,88.93,96.57,56.18,Good
S4747,66.28,97.79,64.38,Good
S4748,73.75,90.79,86.43,Good
S4749,69.42,99.38,62.07,Good
S4750,67.13,76.54,91.77,Good
S4751,51.09,78.46,73.48,Average
S4752,68.0,91.81,66.15,Good
S4753,94.47,74.64,70.62,Good
S4754,84.52,70.34,85.47,Good
S4755,57.27,80.74,75.84,Average
S4756,79.56,82.88,50.36,Good
S4757,94.61,87.54,96.12,Excellent
S4758,85.0,83.41,53.3,Good
S4759,57.43,87.29,96.93,Good
S4760,93.39,83.73,51.41,Good
S4761,65.08,74.02,88.55,Good
S4762,72.7,56.75,76.73,Average
S4763,76.31,89.27,75.29,Good
S4764,92.53,51.54,53.64,Average
S4765,96.58,99.63,61.94,Excellent
S4766,96.48,91.42,88.88,Excellent
S4767,50.4,83.55,94.56,Good
S4768,96.09,98.33,76.46,Excellent
S4769,52.72,80.62,67.67,Average
S4770,63.29,52.82,53.0,Poor
S4771,75.75,77.97,84.11,Good
S4772,74.0,63.86,63.92,Average
S4773,80.24,68.47,52.75,Average
S4774,73.97,72.98,83.29,Good
S4775,96.72,88.73,74.29,Excellent
S4776,62.03,75.15,50.6,Average
S4777,63.7,73.73,55.55,Average
S4778,96.04,65.1,84.96,Good
S4779,53.84,76.99,53.18,Average
S4780,80.48,62.42,93.3,Good
S4781,84.09,63.05,65.57,Good
S4782,75.28,87.86,54.43,Good
S4783,84.71,67.13,87.99,Good
S4784,58.64,52.57,76.22,Average
S4785,92.63,67.18,65.33,Good
S4786,57.0,81.93,70.3,Average
S4787,70.04,90.7,51.07,Good
S4788,53.76,98.1,83.13,Good
S4789,77.26,87.31,68.29,Good
S4790,83.49,71.44,85.7,Good
S4791,97.06,64.96,81.41,Good
S4792,86.97,56.48,82.56,Good
S4793,77.06,81.38,89.64,Good
S4794,96.63,75.49,81.56,Excellent
S4795,73.92,83.89,70.94,Good
S4796,78.06,61.86,69.5,Good
S4797,79.8,66.18,55.98,Average
S4798,70.5,64.6,88.97,Good
S4799,91.92,89.88,88.06,Excellent
S4800,59.26,58.56,62.31,Poor
S4801,77.74,80.42,93.13,Good
S4802,86.11,52.57,79.45,Good
S4803,95.2,77.48,73.93,Good
S4804,94.2,53.2,50.87,Average
S4805,75.44,58.79,69.14,Average
S4806,82.16,55.65,82.03,Good
S4807,69.71,67.34,54.49,Average
S4808,73.41,67.19,72.98,Good
S4809,95.31,91.32,99.67,Excellent
S4810,96.54,61.28,85.83,Good
S4811,94.77,54.32,77.34,Good
S4812,56.92,80.18,76.65,Average
S4813,92.5,84.37,52.19,Good
S4814,97.42,64.74,97.87,Excellent
S4815,68.06,80.14,96.41,Good
S4816,75.93,88.8,84.12,Good
S4817,88.95,67.38,54.95,Good
S4818,78.1,76.27,60.39,Good
S4819,99.67,57.33,59.2,Good
S4820,72.79,51.18,75.98,Average
S4821,85.7,99.07,60.39,Good
S4822,89.63,64.99,84.79,Good
S4823,74.71,63.95,77.26,Good
S4824,92.85,98.66,50.88,Good
S4825,77.31,86.41,87.2,Good
S4826,70.58,79.26,59.44,Average
S4827,55.39,84.97,91.24,Good
S4828,69.67,85.5,67.75,Good
S4829,86.7,88.17,66.93,Good
S4830,96.06,53.36,50.59,Average
S4831,62.58,70.64,99.39,Good
S4832,67.76,64.76,80.6,Good
S4833,57.7,53.53,71.14,Average
S4834,84.54,70.63,54.83,Good
S4835,98.01,80.81,84.96,Excellent
S4836,82.05,58.92,64.14,Average
S4837,80.85,65.25,99.41,Good
S4838,77.67,81.96,97.53,Good
S4839,54.42,78.97,86.76,Good
S4840,86.48,93.44,98.55,Excellent
S4841,80.1,89.56,55.28,Good
S4842,83.07,98.28,64.0,Good
S4843,94.94,79.86,62.66,Good
S4844,89.2,84.92,53.6,Good
S4845,89.05,93.03,98.61,Excellent
S4846,96.36,92.0,53.0,Good
S4847,99.5,85.94,92.83,Excellent
S4848,79.06,75.01,88.41,Good
S4849,55.44,63.66,68.79,Average
S4850,72.96,93.86,50.94,Good
S4851,89.38,88.83,50.3,Good
S4852,51.39,91.9,60.2,Average
S4853,52.84,57.04,74.69,Average
S4854,53.36,65.74,72.9,Average
S4855,86.55,71.24,79.26,Good
S4856,75.06,91.92,88.6,Good
S4857,68.44,94.64,68.87,Good
S4858,55.28,64.24,58.02,Poor
S4859,86.61,84.32,90.0,Excellent
S4860,66.05,53.89,66.63,Average
S4861,63.27,70.48,64.34,Average
S4862,82.62,74.33,88.22,Good
S4863,77.95,88.28,96.71,Excellent
S4864,68.12,94.6,95.75,Good
S4865,82.07,66.86,56.87,Average
S4866,63.56,76.39,75.16,Good
S4867,89.74,82.37,54.64,Good
S4868,61.47,66.43,98.05,Good
S4869,57.94,99.28,60.76,Good
S4870,89.12,93.79,59.87,Good
S4871,85.39,64.82,94.44,Good
S4872,59.13,75.4,98.39,Good
S4873,55.81,61.54,84.88,Average
S4874,91.92,75.73,56.05,Good
S4875,88.83,84.17,74.29,Good
S4876,66.36,54.28,90.83,Good
S4877,82.91,93.51,78.62,Good
S4878,56.21,79.69,56.63,Average
S4879,75.35,99.48,58.59,Good
S4880,50.94,51.28,93.21,Average
S4881,69.58,91.57,76.35,Good
S4882,53.74,89.6,85.29,Good
S4883,73.76,56.64,68.65,Average
S4884,71.08,66.77,76.62,Good
S4885,72.22,94.24,98.86,Excellent
S4886,52.27,75.92,66.49,Average
S4887,68.08,70.06,83.74,Good
S4888,87.82,95.27,58.63,Good
S4889,68.45,54.67,56.09,Average
S4890,85.76,73.66,89.18,Good
S4891,68.47,82.62,92.21,Good
S4892,71.16,80.43,83.42,Good
S4893,78.19,63.21,57.91,Average
S4894,97.53,78.17,62.03,Good
S4895,55.44,85.43,95.56,Good
S4896,51.65,79.24,64.44,Average
S4897,80.4,84.22,90.94,Good
S4898,97.45,62.8,64.3,Good
S4899,99.49,91.64,96.97,Excellent
S4900,74.21,72.48,95.72,Good
S4901,73.4,99.36,52.16,Good
S4902,82.25,51.16,88.52,Good
S4903,77.78,69.02,58.47,Average
S4904,81.7,59.02,60.76,Average
S4905,93.7,77.78,72.99,Good
S4906,87.32,62.16,78.82,Good
S4907,74.84,86.87,66.29,Good
S4908,73.09,94.09,78.77,Good
S4909,81.98,60.54,58.53,Average
S4910,72.79,58.03,51.12,Average
S4911,72.89,93.77,78.56,Good
S4912,50.82,68.06,75.87,Average
S4913,58.7,71.73,84.48,Good
S4914,74.43,61.05,82.49,Good
S4915,91.13,71.27,94.87,Excellent
S4916,63.94,61.57,72.97,Average
S4917,76.13,83.3,50.42,Good
S4918,67.25,74.94,81.53,Good
S4919,55.24,89.4,83.76,Good
S4920,97.91,65.64,76.07,Good
S4921,92.73,75.28,84.47,Excellent
S4922,53.92,62.98,66.18,Average
S4923,85.99,96.72,57.44,Good
S4924,67.38,76.1,83.23,Good
S4925,99.74,58.67,62.26,Good
S4926,65.12,63.64,72.82,Average
S4927,61.94,54.15,74.58,Average
S4928,78.39,51.39,73.86,Average
S4929,91.76,76.3,79.92,Good
S4930,59.63,66.86,51.47,Poor
S4931,85.47,98.19,99.48,Excellent
S4932,53.07,58.57,85.82,Average
S4933,95.95,89.7,71.27,Excellent
S4934,54.05,65.8,59.57,Poor
S4935,95.71,61.18,54.01,Good
S4936,74.54,98.48,83.61,Good
S4937,72.4,90.13,65.85,Good
S4938,98.67,81.53,61.47,Good
S4939,99.52,84.86,69.0,Excellent
S4940,82.51,99.57,79.65,Excellent
S4941,56.36,79.66,83.59,Good
S4942,75.31,55.1,82.26,Good
S4943,76.46,53.24,93.16,Good
S4944,75.72,83.33,60.94,Good
S4945,78.47,82.88,81.84,Good
S4946,50.94,87.41,55.06,Average
S4947,85.56,55.44,77.4,Good
S4948,85.62,97.25,79.2,Excellent
S4949,55.77,77.56,60.81,Average
S4950,78.51,82.48,69.58,Good
S4951,78.42,51.74,91.36,Good
S4952,84.12,98.05,57.42,Good
S4953,54.27,78.13,71.73,Average
S4954,81.33,78.17,96.64,Good
S4955,64.04,97.18,75.21,Good
S4956,75.35,96.47,86.26,Good
S4957,88.67,61.01,91.34,Good
S4958,85.28,96.55,60.19,Good
S4959,55.95,86.83,60.91,Average
S4960,79.56,50.95,87.93,Good
S4961,98.46,61.99,87.67,Good
S4962,57.84,70.65,53.01,Average
S4963,92.65,79.14,66.12,Good
S4964,85.13,85.07,69.93,Good
S4965,88.7,60.51,91.45,Good
S4966,64.1,91.84,71.09,Good
S4967,64.39,92.29,96.3,Good
S4968,95.3,81.75,99.83,Excellent
S4969,67.99,96.05,89.04,Good
S4970,53.15,90.65,83.32,Good
S4971,80.03,61.08,69.59,Good
S4972,56.24,89.93,53.35,Average
S4973,89.83,97.66,78.66,Excellent
S4974,82.09,56.88,68.09,Good
S4975,93.74,98.93,67.54,Excellent
S4976,89.24,51.25,84.39,Good
S4977,55.61,76.11,73.18,Average
S4978,69.05,88.69,87.6,Good
S4979,88.73,89.52,69.91,Good
S4980,70.87,86.73,57.54,Good
S4981,98.62,76.47,73.07,Good
S4982,86.79,82.55,97.55,Excellent
S4983,50.77,85.0,90.08,Good
S4984,94.0,74.73,60.29,Good
S4985,55.04,79.78,69.57,Average
S4986,57.03,92.32,96.39,Good
S4987,86.72,65.64,56.18,Good
S4988,93.25,76.16,62.7,Good
S4989,76.82,50.42,63.11,Average
S4990,64.45,84.37,78.55,Good
S4991,67.57,59.77,70.54,Average
S4992,67.14,74.05,53.99,Average
S4993,66.33,60.51,81.46,Average
S4994,62.15,51.18,54.95,Poor
S4995,80.44,74.16,80.32,Good
S4996,95.02,71.24,75.35,Good
S4997,65.35,71.26,74.68,Average
S4998,59.33,60.44,53.37,Poor
S4999,91.93,97.36,81.96,Excellent
S5000,87.09,50.18,71.57,Good
S5001,96.54,94.58,70.56,Excellent
S5002,58.28,86.85,79.82,Good
S5003,57.21,58.6,80.31,Average
S5004,77.07,73.61,50.75,Average
S5005,80.72,99.44,56.26,Good
S5006,74.01,82.18,61.83,Good
S5007,79.95,56.37,83.9,Good
S5008,59.02,72.88,78.84,Average
S5009,73.98,73.41,87.88,Good
S5010,82.9,90.11,87.03,Excellent
S5011,71.64,95.81,92.66,Excellent
S5012,83.97,54.11,68.84,Good
S5013,72.56,65.7,67.25,Average
S5014,66.68,64.92,91.55,Good
S5015,65.18,99.8,61.88,Good
S5016,70.55,77.96,73.06,Good
S5017,51.15,93.99,59.72,Average
S5018,83.43,71.3,95.69,Good
S5019,92.26,86.14,70.39,Good
S5020,67.73,64.33,60.62,Average
S5021,52.3,95.59,84.6,Good
S5022,99.34,72.76,62.23,Good
S5023,63.18,90.19,97.18,Good
S5024,56.33,62.79,68.38,Average
S5025,68.49,84.68,83.23,Good
S5026,86.93,70.26,67.26,Good
S5027,64.7,51.57,90.36,Average
S5028,78.74,70.65,94.85,Good
S5029,70.78,77.5,89.4,Good
S5030,55.89,57.59,92.42,Average
S5031,66.51,59.2,55.09,Average
S5032,86.24,73.24,96.2,Excellent
S5033,80.6,67.14,81.22,Good
S5034,55.99,72.04,93.46,Good
S5035,58.17,73.04,84.22,Good
S5036,82.04,57.0,60.09,Average
S5037,90.67,59.06,80.48,Good
S5038,67.47,92.41,54.55,Good
S5039,79.77,58.14,84.79,Good
S5040,58.53,83.3,70.45,Average
S5041,65.57,70.93,57.59,Average
S5042,51.01,98.41,98.96,Good
S5043,88.41,53.31,95.05,Good
S5044,70.05,91.52,94.68,Good
S5045,90.81,74.57,89.44,Excellent
S5046,85.42,50.27,84.6,Good
S5047,91.44,63.18,82.75,Good
S5048,64.28,70.38,55.3,Average
S5049,59.26,65.71,95.03,Good
S5050,98.6,68.12,94.06,Excellent
S5051,85.87,95.83,87.39,Excellent
S5052,91.7,68.05,96.37,Excellent
S5053,50.66,70.94,77.65,Average
S5054,67.72,88.06,72.38,Good
S5055,87.14,89.69,98.4,Excellent
S5056,53.9,54.2,73.21,Poor
S5057,78.37,85.2,82.07,Good
S5058,71.45,74.13,68.65,Good
S5059,50.88,56.69,81.82,Average
S5060,61.8,63.24,86.0,Average
S5061,64.24,52.25,81.23,Average
S5062,55.59,68.01,75.73,Average
S5063,81.58,62.77,65.01,Good
S5064,62.12,69.11,82.19,Good
S5065,63.88,79.02,95.42,Good
S5066,94.91,86.62,50.35,Good
S5067,73.36,80.27,56.7,Good
S5068,69.61,83.92,55.99,Average
S5069,86.19,93.28,96.16,Excellent
S5070,95.48,93.69,83.14,Excellent
S5071,51.25,93.04,97.59,Good
S5072,72.41,57.66,79.14,Good
S5073,80.54,62.55,73.09,Good
S5074,65.93,75.12,89.62,Good
S5075,88.62,67.94,58.05,Good
S5076,98.57,56.58,69.07,Good
S5077,97.17,64.39,73.31,Good
S5078,63.3,98.77,64.92,Good
S5079,61.32,67.35,68.56,Average
S5080,97.87,70.95,53.91,Good
S5081,72.93,50.32,59.9,Average
S5082,60.41,85.97,66.77,Average
S5083,85.35,70.68,89.79,Good
S5084,64.22,55.16,59.12,Poor
S5085,63.36,98.43,67.33,Good
S5086,93.96,88.87,53.25,Good
S5087,58.12,86.31,77.86,Good
S5088,53.22,97.89,80.56,Good
S5089,63.46,70.37,93.28,Good
S5090,80.35,85.93,90.96,Excellent
S5091,56.15,60.31,64.27,Poor
S5092,73.58,84.86,56.85,Good
S5093,81.37,50.7,57.8,Average
S5094,92.44,56.32,98.45,Good
S5095,61.49,71.26,83.66,Good
S5096,90.87,50.6,52.13,Average
S5097,61.75,73.1,56.84,Average
S5098,83.84,76.14,74.29,Good
S5099,71.53,81.08,60.39,Good
S5100,55.73,55.02,90.18,Average
S5101,85.71,59.05,78.66,Good
S5102,60.89,80.66,80.63,Good
S5103,58.83,82.91,73.14,Good
S5104,67.92,51.3,62.8,Average
S5105,82.66,77.02,79.47,Good
S5106,61.7,89.25,85.85,Good
S5107,59.18,53.46,68.55,Average
S5108,50.5,70.66,75.25,Average
S5109,73.58,66.33,91.98,Good
S5110,71.43,95.68,57.43,Good
S5111,61.69,59.29,77.26,Average
S5112,52.68,65.92,67.42,Average
S5113,71.46,94.92,85.14,Good
S5114,89.41,66.53,50.94,Good
S5115,85.76,76.57,83.52,Good
S5116,93.04,51.65,55.14,Average
S5117,50.48,99.25,53.24,Average
S5118,98.32,91.25,86.23,Excellent
S5119,67.07,81.72,82.02,Good
S5120,99.52,53.04,94.75,Good
S5121,62.63,53.74,75.98,Average
S5122,73.58,77.25,76.5,Good
S5123,67.7,64.25,85.35,Good
S5124,67.79,81.14,66.17,Good
S5125,92.11,79.91,51.85,Good
S5126,87.32,91.93,61.5,Good
S5127,99.61,64.07,61.9,Good
S5128,80.68,78.89,66.78,Good
S5129,73.16,88.87,97.17,Excellent
S5130,54.5,74.54,90.24,Good
S5131,99.83,91.53,96.8,Excellent
S5132,77.58,56.56,99.93,Good
S5133,85.02,86.69,71.69,Good
S5134,70.34,97.15,61.35,Good
S5135,77.39,66.59,78.0,Good
S5136,97.13,68.32,94.06,Excellent
S5137,58.32,54.18,73.29,Average
S5138,64.62,82.07,75.27,Good
S5139,57.6,77.62,56.72,Average
S5140,89.61,52.02,71.02,Good
S5141,53.1,87.61,69.35,Average
S5142,54.08,91.46,67.58,Average
S5143,64.92,95.36,94.36,Good
S5144,75.71,77.29,52.97,Average
S5145,70.31,72.63,98.61,Good
S5146,52.24,93.81,50.41,Average
S5147,97.87,69.93,97.28,Excellent
S5148,97.64,82.77,77.4,Excellent
S5149,63.97,80.77,85.12,Good
S5150,86.58,68.61,59.36,Good
S5151,78.93,54.34,82.71,Good
S5152,61.87,51.07,94.1,Average
S5153,63.11,71.41,56.97,Average
S5154,74.56,74.06,56.35,Average
S5155,70.96,91.13,65.2,Good
S5156,64.56,70.72,58.09,Average
S5157,90.38,64.06,55.53,Good
S5158,74.07,73.1,83.92,Good
S5159,82.74,61.9,60.69,Average
S5160,59.46,54.57,83.35,Average
S5161,76.68,55.65,93.1,Good
S5162,65.9,65.96,82.6,Good
S5163,76.32,50.63,55.97,Average
S5164,89.04,61.01,78.68,Good
S5165,88.45,89.38,69.68,Good
S5166,67.71,61.73,67.17,Average
S5167,84.71,55.54,65.93,Good
S5168,97.06,97.45,96.47,Excellent
S5169,81.28,81.12,87.13,Good
S5170,57.42,53.0,56.69,Poor
S5171,83.99,53.11,73.8,Good
S5172,55.25,80.61,65.91,Average
S5173,93.61,77.01,98.9,Excellent
S5174,75.83,53.42,98.9,Good
S5175,69.26,61.22,65.98,Average
S5176,52.85,96.45,67.61,Good
S5177,69.04,78.6,79.97,Good
S5178,95.16,72.02,73.97,Good
S5179,51.05,62.51,60.66,Poor
S5180,73.73,56.68,83.02,Good
S5181,96.56,70.13,66.71,Good
S5182,69.74,96.12,82.69,Good
S5183,71.41,52.44,69.18,Average
S5184,78.93,99.55,85.01,Excellent
S5185,73.15,60.39,83.39,Good
S5186,58.43,70.44,75.44,Average
S5187,50.93,52.25,85.24,Average
S5188,80.49,79.24,73.05,Good
S5189,96.04,74.18,55.81,Good
S5190,55.32,83.34,59.11,Average
S5191,60.55,77.13,62.3,Average
S5192,68.51,69.91,53.16,Average
S5193,90.44,86.89,85.57,Excellent
S5194,63.46,51.25,68.37,Average
S5195,94.1,77.05,54.68,Good
S5196,52.75,55.69,91.0,Average
S5197,97.05,71.8,84.18,Excellent
S5198,78.04,89.56,72.61,Good
S5199,82.94,57.12,62.37,Average
S5200,68.38,96.79,57.59,Good
S5201,89.1,94.43,72.92,Excellent
S5202,58.33,70.75,94.26,Good
S5203,52.45,50.3,59.42,Poor
S5204,69.78,89.49,78.43,Good
S5205,92.68,94.04,98.08,Excellent
S5206,87.75,58.74,81.86,Good
S5207,75.86,95.81,72.0,Good
S5208,78.61,95.7,85.82,Excellent
S5209,56.49,73.56,91.23,Good
S5210,92.03,89.9,79.53,Excellent
S5211,89.35,72.25,93.59,Excellent
S5212,82.82,78.2,75.73,Good
S5213,73.31,65.99,91.5,Good
S5214,98.22,57.97,97.6,Excellent
S5215,93.95,87.33,75.06,Excellent
S5216,82.22,50.07,80.25,Good
S5217,68.59,78.98,80.47,Good
S5218,80.9,93.23,89.07,Excellent
S5219,78.77,61.06,91.15,Good
S5220,69.71,66.64,51.36,Average
S5221,65.33,79.37,86.67,Good
S5222,70.35,62.34,89.19,Good
S5223,78.7,92.37,85.02,Good
S5224,71.41,68.33,85.68,Good
S5225,63.18,79.08,52.07,Average
S5226,88.05,61.31,72.1,Good
S5227,76.57,52.07,90.91,Good
S5228,53.38,58.69,96.7,Average
S5229,68.42,52.31,61.47,Average
S5230,94.25,73.43,78.96,Good
S5231,87.76,79.33,90.22,Excellent
S5232,66.16,52.23,87.62,Average
S5233,96.91,54.52,80.94,Good
S5234,53.83,74.28,50.93,Poor
S5235,98.06,89.96,86.19,Excellent
S5236,62.29,81.4,88.66,Good
S5237,50.45,55.24,86.14,Average
S5238,71.69,94.38,88.29,Good
S5239,67.95,95.87,71.55,Good
S5240,76.95,66.25,99.69,Good
S5241,89.84,80.8,88.54,Excellent
S5242,92.12,74.62,78.93,Good
S5243,70.06,97.1,96.71,Excellent
S5244,71.49,75.44,95.41,Good
S5245,57.41,98.0,90.73,Good
S5246,52.38,59.97,78.18,Average
S5247,82.06,67.28,76.36,Good
S5248,53.22,89.07,66.44,Average
S5249,86.69,89.18,62.54,Good
S5250,76.95,86.61,75.62,Good
S5251,59.93,92.98,78.89,Good
S5252,76.98,85.13,62.23,Good
S5253,59.15,81.8,96.13,Good
S5254,71.94,72.95,77.86,Good
S5255,89.98,73.35,76.33,Good
S5256,73.1,70.31,71.78,Good
S5257,57.43,81.01,52.9,Average
S5258,86.19,70.33,94.12,Good
S5259,59.34,57.37,65.85,Average
S5260,86.93,55.33,82.12,Good
S5261,73.97,96.22,80.37,Good
S5262,72.69,51.24,79.22,Average
S5263,92.57,55.27,76.29,Good
S5264,85.43,72.27,59.07,Good
S5265,51.65,63.15,64.03,Poor
S5266,64.81,70.29,76.21,Average
S5267,93.55,55.87,89.47,Good
S5268,50.92,56.55,71.6,Poor
S5269,77.26,90.03,60.2,Good
S5270,86.39,87.96,54.4,Good
S5271,81.09,55.21,83.15,Good
S5272,88.03,83.39,71.17,Good
S5273,86.28,80.47,56.27,Good
S5274,84.6,85.67,83.72,Good
S5275,91.08,73.72,60.38,Good
S5276,82.28,63.5,75.45,Good
S5277,70.12,83.18,65.31,Good
S5278,73.6,68.57,96.58,Good
S5279,85.84,60.95,61.41,Good
S5280,93.82,70.43,71.0,Good
S5281,63.61,88.16,97.97,Good
S5282,67.1,73.79,65.94,Average
S5283,96.54,64.99,82.23,Good
S5284,78.93,91.59,65.84,Good
S5285,58.95,94.08,55.53,Average
S5286,83.18,71.66,81.38,Good
S5287,99.54,68.73,95.8,Excellent
S5288,91.17,80.63,72.63,Good
S5289,87.29,52.9,81.31,Good
S5290,60.4,84.57,80.44,Good
S5291,93.81,89.11,70.75,Excellent
S5292,76.29,69.87,80.74,Good
S5293,94.46,58.73,62.97,Good
S5294,66.49,51.44,68.9,Average
S5295,53.1,81.86,72.12,Average
S5296,73.8,63.45,93.2,Good
S5297,63.49,73.19,67.42,Average
S5298,85.76,69.32,81.76,Good
S5299,97.86,58.74,60.67,Good
S5300,84.55,75.42,62.63,Good
S5301,94.35,72.98,82.42,Good
S5302,72.65,81.21,88.12,Good
S5303,88.58,62.59,73.11,Good
S5304,92.15,60.73,66.75,Good
S5305,85.54,90.72,95.51,Excellent
S5306,75.39,85.11,56.79,Good
S5307,81.29,88.61,86.04,Good
S5308,85.03,56.16,84.51,Good
S5309,62.65,61.2,84.51,Average
S5310,90.48,78.78,96.77,Excellent
S5311,97.52,92.86,86.41,Excellent
S5312,73.26,94.61,65.08,Good
S5313,85.05,91.6,67.67,Good
S5314,86.85,52.17,69.56,Good
S5315,83.11,91.04,51.54,Good
S5316,77.36,94.95,95.68,Excellent
S5317,94.08,52.84,53.68,Average
S5318,72.45,70.81,84.99,Good
S5319,53.06,76.83,86.51,Good
S5320,92.23,61.64,92.19,Good
S5321,83.7,75.83,77.67,Good
S5322,92.46,94.3,86.26,Excellent
S5323,56.93,93.35,65.14,Good
S5324,51.54,96.99,87.28,Good
S5325,96.72,74.21,67.17,Good
S5326,57.39,70.53,95.14,Good
S5327,90.48,83.29,58.17,Good
S5328,91.16,70.84,65.79,Good
S5329,85.44,52.1,74.94,Good
S5330,56.56,86.0,88.79,Good
S5331,83.37,64.05,87.44,Good
S5332,94.45,52.45,60.54,Good
S5333,71.28,51.03,57.21,Average
S5334,70.68,96.57,65.2,Good
S5335,72.14,62.6,74.19,Average
S5336,54.11,72.39,76.95,Average
S5337,94.6,97.53,71.46,Excellent
S5338,93.46,73.38,83.15,Good
S5339,99.9,53.93,71.38,Good
S5340,79.26,77.6,97.32,Good
S5341,87.56,54.41,63.05,Good
S5342,60.13,54.75,81.37,Average
S5343,83.38,92.57,80.57,Excellent
S5344,82.49,64.47,64.08,Good
S5345,95.06,83.93,70.58,Good
S5346,91.54,75.45,68.27,Good
S5347,96.92,61.12,58.62,Good
S5348,93.44,75.89,73.86,Good
S5349,93.43,53.45,69.33,Good
S5350,53.19,67.36,58.92,Poor
S5351,92.3,76.14,72.49,Good
S5352,80.37,61.42,71.09,Good
S5353,69.02,83.01,56.57,Average
S5354,52.83,52.59,56.56,Poor
S5355,83.88,74.24,82.38,Good
S5356,66.41,85.75,85.33,Good
S5357,73.39,71.5,97.06,Good
S5358,84.09,93.73,54.35,Good
S5359,95.59,81.61,55.89,Good
S5360,91.27,97.92,52.59,Good
S5361,72.53,64.21,76.61,Good
S5362,69.39,96.94,81.14,Good
S5363,61.99,80.34,70.18,Average
S5364,68.62,87.26,89.9,Good
S5365,55.55,95.11,84.33,Good
S5366,98.56,77.56,99.29,Excellent
S5367,78.7,93.11,56.89,Good
S5368,56.39,77.08,52.92,Average
S5369,67.64,79.96,63.74,Good
S5370,77.35,72.25,50.95,Average
S5371,76.64,57.28,96.63,Good
S5372,51.78,77.68,65.2,Average
S5373,97.54,98.87,77.62,Excellent
S5374,63.77,89.36,65.9,Good
S5375,50.81,87.37,62.29,Average
S5376,53.82,82.17,57.62,Average
S5377,79.01,67.4,66.02,Good
S5378,56.89,58.48,80.77,Average
S5379,52.09,61.23,98.58,Average
S5380,68.98,50.32,77.9,Average
S5381,81.14,83.67,76.64,Good
S5382,55.59,90.59,51.76,Average
S5383,65.67,63.45,92.0,Good
S5384,70.89,54.59,52.24,Average
S5385,57.97,66.79,95.31,Good
S5386,75.3,64.6,76.93,Good
S5387,54.26,72.54,58.42,Average
S5388,52.33,63.21,72.59,Average
S5389,75.99,66.99,99.75,Good
S5390,62.39,95.38,65.25,Good
S5391,54.77,66.74,63.47,Average
S5392,71.2,89.28,55.9,Good
S5393,95.76,81.29,79.86,Excellent
S5394,86.21,66.88,54.46,Good
S5395,90.78,90.89,88.3,Excellent
S5396,93.6,79.75,95.96,Excellent
S5397,98.63,50.43,96.59,Good
S5398,88.16,53.44,55.4,Average
S5399,80.42,87.63,77.91,Good
S5400,68.27,72.33,54.86,Average
S5401,59.08,70.28,78.6,Average
S5402,84.33,57.29,90.75,Good
S5403,99.75,57.87,76.89,Good
S5404,73.37,89.89,93.6,Good
S5405,86.18,91.45,90.08,Excellent
S5406,74.75,78.0,63.83,Good
S5407,71.6,64.76,81.51,Good
S5408,70.52,96.64,50.37,Good
S5409,75.23,81.2,69.8,Good
S5410,68.34,89.83,61.9,Good
S5411,87.44,50.16,96.86,Good
S5412,93.71,72.52,70.27,Good
S5413,94.14,93.55,82.7,Excellent
S5414,61.38,66.91,86.6,Good
S5415,94.8,86.33,88.66,Excellent
S5416,67.08,82.88,86.79,Good
S5417,65.47,57.61,64.46,Average
S5418,86.34,88.75,84.3,Excellent
S5419,65.23,55.63,77.45,Average
S5420,52.65,86.4,79.87,Good
S5421,68.68,99.55,50.04,Good
S5422,86.07,97.9,62.91,Good
S5423,66.35,90.01,96.53,Good
S5424,81.48,76.73,64.5,Good
S5425,83.01,83.74,71.9,Good
S5426,86.69,86.41,59.33,Good
S5427,94.86,50.42,56.93,Good
S5428,71.63,55.12,60.43,Average
S5429,58.32,79.85,77.68,Good
S5430,65.95,50.33,95.95,Good
S5431,71.61,95.45,66.31,Good
S5432,85.69,74.48,66.17,Good
S5433,50.66,62.89,78.21,Average
S5434,65.79,69.69,67.84,Average
S5435,88.99,92.54,95.52,Excellent
S5436,83.54,96.36,68.89,Good
S5437,86.59,55.81,74.52,Good
S5438,90.59,88.9,76.67,Excellent
S5439,89.16,78.91,89.1,Excellent
S5440,84.11,79.28,78.2,Good
S5441,71.98,88.97,61.96,Good
S5442,99.18,61.14,56.2,Good
S5443,78.45,76.55,96.89,Good
S5444,60.14,65.97,90.08,Good
S5445,64.64,54.73,51.15,Poor
S5446,84.68,55.25,91.08,Good
S5447,96.24,56.82,79.53,Good
S5448,58.94,80.74,75.94,Good
S5449,54.12,55.29,50.61,Poor
S5450,94.08,78.51,89.04,Excellent
S5451,95.76,79.41,59.9,Good
S5452,63.82,95.19,86.4,Good
S5453,68.86,81.32,50.79,Average
S5454,83.01,99.28,89.82,Excellent
S5455,66.5,51.55,51.15,Poor
S5456,93.86,85.21,61.79,Good
S5457,55.38,51.32,63.41,Poor
S5458,51.9,86.47,57.88,Average
S5459,60.42,69.29,74.05,Average
S5460,64.3,80.57,64.18,Average
S5461,55.65,65.48,99.66,Good
S5462,53.28,57.96,79.0,Average
S5463,87.78,86.18,78.32,Good
S5464,58.21,95.23,61.04,Good
S5465,95.7,59.18,70.43,Good
S5466,68.4,96.04,56.2,Good
S5467,83.53,57.01,88.13,Good
S5468,61.27,86.78,66.56,Good
S5469,62.02,97.97,87.6,Good
S5470,78.74,57.37,68.58,Average
S5471,78.03,71.75,99.44,Good
S5472,88.44,66.87,58.56,Good
S5473,87.89,69.42,50.08,Good
S5474,83.53,87.66,79.74,Good
S5475,72.46,83.06,97.65,Good
S5476,94.53,98.43,82.35,Excellent
S5477,81.13,59.27,54.29,Average
S5478,99.51,77.16,77.02,Excellent
S5479,90.97,72.46,95.47,Excellent
S5480,52.22,95.94,50.33,Average
S5481,66.03,50.53,58.35,Poor
S5482,78.59,99.46,90.73,Excellent
S5483,86.07,73.99,94.7,Excellent
S5484,77.52,81.28,85.36,Good
S5485,89.31,68.0,99.58,Excellent
S5486,64.13,92.63,54.51,Average
S5487,59.2,78.1,77.28,Good
S5488,52.7,83.14,84.25,Good
S5489,78.67,82.45,85.13,Good
S5490,84.43,68.2,89.67,Good
S5491,66.31,53.8,95.88,Good
S5492,80.68,90.39,68.08,Good
S5493,52.61,64.49,52.15,Poor
S5494,54.96,92.45,68.12,Good
S5495,85.09,80.43,83.58,Good
S5496,68.4,67.69,60.67,Average
S5497,83.57,79.71,90.5,Good
S5498,91.59,82.27,60.99,Good
S5499,92.63,85.33,50.5,Good
S5500,58.61,91.12,75.4,Good
S5501,74.31,57.99,86.32,Good
S5502,86.7,97.21,67.48,Good
S5503,88.7,70.54,87.44,Good
S5504,89.23,93.02,71.92,Excellent
S5505,61.41,61.02,58.59,Average
S5506,59.63,51.45,54.53,Poor
S5507,79.5,78.67,85.53,Good
S5508,87.05,66.23,69.29,Good
S5509,65.96,99.22,95.64,Good
S5510,55.24,55.22,77.01,Average
S5511,85.84,52.37,67.42,Good
S5512,64.98,52.25,67.45,Average
S5513,58.32,60.84,56.57,Poor
S5514,57.39,78.96,79.69,Good
S5515,65.75,75.28,79.11,Good
S5516,79.63,67.5,90.0,Good
S5517,67.92,54.44,60.06,Average
S5518,51.03,61.69,64.54,Poor
S5519,54.85,59.21,54.86,Poor
S5520,64.53,87.28,64.77,Good
S5521,82.99,89.0,71.41,Good
S5522,54.93,88.85,98.2,Good
S5523,78.03,98.45,82.65,Excellent
S5524,55.99,94.21,89.14,Good
S5525,60.58,74.89,66.28,Average
S5526,58.61,70.75,57.23,Average
S5527,53.36,95.79,62.84,Average
S5528,83.57,80.56,62.82,Good
S5529,73.17,64.72,79.16,Good
S5530,91.55,78.22,67.07,Good
S5531,54.94,99.61,92.87,Good
S5532,57.24,92.47,99.43,Good
S5533,65.32,64.06,67.16,Average
S5534,88.29,97.65,85.25,Excellent
S5535,65.29,99.07,82.87,Good
S5536,70.42,61.56,59.72,Average
S5537,65.08,94.78,95.9,Good
S5538,54.01,94.16,59.97,Average
S5539,96.97,51.99,86.85,Good
S5540,77.43,83.48,67.38,Good
S5541,89.39,65.26,68.35,Good
S5542,82.92,83.73,72.77,Good
S5543,75.71,95.68,93.23,Excellent
S5544,54.48,74.94,57.01,Average
S5545,82.14,70.72,52.73,Average
S5546,57.77,96.08,70.1,Good
S5547,70.72,98.71,52.78,Good
S5548,81.46,53.11,84.38,Good
S5549,89.11,96.14,88.02,Excellent
S5550,84.25,54.14,92.74,Good
S5551,83.58,66.86,87.19,Good
S5552,57.45,88.13,95.82,Good
S5553,67.31,88.85,87.42,Good
S5554,52.15,86.29,96.8,Good
S5555,85.97,51.96,59.66,Average
S5556,97.63,56.65,74.99,Good
S5557,63.21,96.81,99.7,Good
S5558,54.38,54.07,84.08,Average
S5559,73.78,53.93,93.93,Good
S5560,92.83,91.78,51.52,Good
S5561,77.6,82.06,93.59,Good
S5562,52.34,67.58,84.89,Average
S5563,98.71,58.29,58.54,Good
S5564,91.43,94.21,51.28,Good
S5565,56.58,99.43,63.0,Good
S5566,96.09,52.5,95.79,Good
S5567,72.53,77.71,83.41,Good
S5568,68.59,63.07,95.97,Good
S5569,73.05,91.62,72.31,Good
S5570,91.73,67.3,96.83,Excellent
S5571,82.97,85.73,73.15,Good
S5572,52.96,76.98,60.21,Average
S5573,97.88,77.08,57.57,Good
S5574,57.39,92.9,99.69,Good
S5575,87.28,73.52,66.69,Good
S5576,81.81,92.28,58.0,Good
S5577,59.38,68.17,50.42,Poor
S5578,58.54,58.74,64.28,Average
S5579,93.52,72.77,94.46,Excellent
S5580,70.98,74.92,76.7,Good
S5581,82.73,73.92,81.62,Good
S5582,75.2,90.42,96.12,Excellent
S5583,86.37,78.23,75.64,Good
S5584,73.96,94.42,91.91,Excellent
S5585,64.37,75.71,66.19,Average
S5586,68.17,61.24,98.86,Good
S5587,92.95,56.47,53.94,Good
S5588,73.4,93.42,86.24,Good
S5589,60.67,52.81,83.03,Average
S5590,96.73,55.88,59.58,Good
S5591,89.83,53.18,69.44,Good
S5592,52.78,71.19,65.64,Average
S5593,99.95,76.63,54.72,Good
S5594,84.75,50.99,79.24,Good
S5595,58.01,75.78,99.68,Good
S5596,61.86,69.69,77.98,Average
S5597,84.62,88.68,77.26,Good
S5598,88.99,91.5,52.02,Good
S5599,61.95,84.25,56.96,Average
S5600,62.85,73.67,75.66,Average
S5601,65.36,60.81,99.26,Good
S5602,79.9,92.36,93.83,Excellent
S5603,58.59,67.08,67.01,Average
S5604,55.21,67.81,77.15,Average
S5605,83.94,95.8,77.64,Excellent
S5606,88.95,98.78,84.27,Excellent
S5607,75.05,94.91,84.39,Good
S5608,68.19,99.91,89.49,Good
S5609,71.6,93.45,51.25,Good
S5610,69.42,85.22,97.18,Good
S5611,98.0,64.69,53.5,Good
S5612,88.4,97.65,73.81,Excellent
S5613,60.4,93.83,95.98,Good
S5614,69.21,62.04,74.38,Average
S5615,77.2,74.46,53.18,Average
S5616,80.65,53.5,61.46,Average
S5617,73.41,97.67,78.93,Good
S5618,90.51,78.64,54.39,Good
S5619,88.38,62.26,71.18,Good
S5620,75.26,64.62,66.45,Average
S5621,92.72,99.03,90.76,Excellent
S5622,87.55,80.78,55.51,Good
S5623,88.93,71.03,84.14,Good
S5624,97.82,74.99,70.33,Good
S5625,63.32,54.93,79.39,Average
S5626,63.38,53.75,60.28,Poor
S5627,94.45,79.64,80.49,Excellent
S5628,88.61,75.6,83.7,Good
S5629,96.33,67.96,53.51,Good
S5630,53.16,78.31,91.22,Good
S5631,81.39,53.63,93.06,Good
S5632,57.23,97.2,53.18,Average
S5633,75.19,64.69,80.16,Good
S5634,57.79,53.59,79.7,Average
S5635,56.4,58.48,50.62,Poor
S5636,50.61,54.77,67.12,Poor
S5637,81.51,58.93,98.45,Good
S5638,67.95,70.84,77.77,Good
S5639,55.26,86.9,96.66,Good
S5640,66.14,63.62,83.78,Good
S5641,58.45,71.8,51.42,Average
S5642,97.08,96.44,53.89,Good
S5643,66.0,64.79,86.11,Good
S5644,66.7,89.74,77.73,Good
S5645,91.99,57.89,56.36,Good
S5646,82.39,58.92,80.7,Good
S5647,85.51,72.81,90.51,Good
S5648,81.8,61.71,87.65,Good
S5649,97.31,95.15,62.31,Excellent
S5650,60.35,52.54,62.91,Poor
S5651,99.45,79.86,98.39,Excellent
S5652,91.55,80.21,94.37,Excellent
S5653,79.45,53.3,65.92,Average
S5654,83.12,86.63,91.2,Excellent
S5655,82.44,73.44,58.09,Good
S5656,52.92,86.15,59.84,Average
S5657,60.9,91.35,59.06,Average
S5658,98.07,66.14,54.39,Good
S5659,76.72,74.22,92.73,Good
S5660,68.92,63.04,78.94,Good
S5661,88.1,60.08,62.95,Good
S5662,76.23,50.03,92.43,Good
S5663,50.66,98.18,90.13,Good
S5664,86.81,72.05,55.05,Good
S5665,86.61,50.65,82.21,Good
S5666,58.26,50.45,86.09,Average
S5667,97.83,64.42,85.79,Good
S5668,61.2,50.7,86.16,Average
S5669,72.89,68.73,58.47,Average
S5670,55.74,53.15,65.75,Poor
S5671,80.16,51.96,92.21,Good
S5672,68.77,83.47,94.92,Good
S5673,67.66,95.34,63.96,Good
S5674,91.35,70.47,51.15,Good
S5675,50.48,91.84,92.99,Good
S5676,89.9,51.46,68.85,Good
S5677,78.57,88.88,66.47,Good
S5678,99.3,53.14,67.35,Good
S5679,79.47,91.92,70.78,Good
S5680,52.77,94.12,68.91,Good
S5681,52.53,89.3,78.32,Good
S5682,94.16,91.04,53.95,Good
S5683,92.06,78.07,98.58,Excellent
S5684,67.29,63.24,96.82,Good
S5685,80.9,82.16,96.72,Excellent
S5686,74.48,71.98,93.96,Good
S5687,98.36,50.27,83.02,Good
S5688,97.5,73.84,61.06,Good
S5689,99.19,82.56,52.47,Good
S5690,93.32,50.69,54.97,Average
S5691,95.48,81.07,66.2,Good
S5692,60.86,82.63,75.19,Good
S5693,91.55,57.91,99.66,Good
S5694,85.44,71.55,71.77,Good
S5695,98.14,98.22,76.23,Excellent
S5696,78.56,94.21,84.76,Excellent
S5697,54.26,70.54,59.04,Average
S5698,79.87,67.49,96.64,Good
S5699,84.33,56.2,76.45,Good
S5700,61.02,51.76,63.81,Poor
S5701,69.71,64.87,96.76,Good
S5702,79.93,97.01,81.27,Excellent
S5703,68.71,97.93,74.18,Good
S5704,68.75,90.63,79.01,Good
S5705,56.65,67.54,87.42,Average
S5706,97.04,57.18,57.73,Good
S5707,87.52,79.78,93.24,Excellent
S5708,50.06,82.33,97.98,Good
S5709,88.28,71.23,78.35,Good
S5710,86.99,84.58,84.11,Excellent
S5711,50.49,87.33,92.99,Good
S5712,68.48,89.15,68.74,Good
S5713,80.34,75.11,99.64,Good
S5714,72.64,89.58,84.03,Good
S5715,88.9,51.27,71.2,Good
S5716,71.27,84.02,83.87,Good
S5717,57.69,61.78,76.08,Average
S5718,98.82,63.53,55.58,Good
S5719,62.1,54.57,89.79,Average
S5720,85.88,59.62,78.22,Good
S5721,57.16,99.6,89.79,Good
S5722,66.45,70.77,57.75,Average
S5723,72.1,96.39,76.92,Good
S5724,59.61,58.14,88.33,Average
S5725,72.5,60.2,99.42,Good
S5726,57.86,77.89,94.22,Good
S5727,77.95,67.48,93.22,Good
S5728,83.19,82.2,62.37,Good
S5729,53.12,71.1,91.9,Good
S5730,93.56,90.58,58.46,Good
S5731,59.26,71.58,59.91,Average
S5732,61.27,78.62,55.51,Average
S5733,83.07,66.05,92.88,Good
S5734,73.44,85.2,55.41,Good
S5735,74.97,82.74,56.91,Good
S5736,56.41,69.85,62.29,Average
S5737,90.29,63.8,78.63,Good
S5738,80.85,80.71,94.01,Good
S5739,56.77,97.16,70.91,Good
S5740,68.7,56.63,77.31,Average
S5741,90.52,89.96,58.32,Good
S5742,78.42,77.15,63.3,Good
S5743,55.43,76.28,56.7,Average
S5744,68.64,98.08,70.5,Good
S5745,62.13,80.29,79.52,Good
S5746,75.87,91.53,64.2,Good
S5747,92.17,75.72,92.3,Excellent
S5748,71.81,62.49,99.06,Good
S5749,71.67,84.72,56.01,Good
S5750,95.27,96.16,50.89,Good
S5751,78.81,92.06,89.49,Excellent
S5752,78.31,59.92,59.53,Average
S5753,63.1,65.84,67.66,Average
S5754,80.39,75.84,69.71,Good
S5755,78.8,78.58,95.83,Good
S5756,69.84,59.69,82.94,Good
S5757,99.53,61.5,52.03,Good
S5758,94.09,87.94,50.74,Good
S5759,87.48,86.52,59.98,Good
S5760,76.87,91.96,65.91,Good
S5761,73.1,96.65,74.23,Good
S5762,59.24,65.41,91.89,Good
S5763,65.29,92.98,65.74,Good
S5764,88.7,83.3,68.83,Good
S5765,72.69,97.89,66.47,Good
S5766,94.11,63.6,50.45,Good
S5767,57.4,63.48,97.76,Good
S5768,75.42,85.21,56.95,Good
S5769,82.35,96.42,64.38,Good
S5770,75.84,91.23,56.47,Good
S5771,94.46,86.35,74.53,Excellent
S5772,99.48,69.37,96.61,Excellent
S5773,55.79,85.89,55.04,Average
S5774,56.5,90.05,72.04,Good
S5775,56.52,87.66,51.12,Average
S5776,84.06,83.84,88.54,Excellent
S5777,68.63,52.36,82.06,Average
S5778,86.67,82.99,84.98,Excellent
S5779,70.27,73.91,73.62,Good
S5780,81.38,98.08,95.38,Excellent
S5781,88.49,80.36,70.48,Good
S5782,77.41,80.41,75.7,Good
S5783,76.98,99.7,84.76,Excellent
S5784,54.41,54.68,76.03,Average
S5785,70.54,63.82,59.47,Average
S5786,77.29,82.8,65.85,Good
S5787,73.1,65.76,54.61,Average
S5788,95.04,67.31,71.63,Good
S5789,95.33,94.63,80.47,Excellent
S5790,91.1,78.97,55.93,Good
S5791,68.76,55.14,81.53,Average
S5792,85.86,65.54,94.64,Good
S5793,69.76,53.8,66.89,Average
S5794,61.63,77.81,61.1,Average
S5795,67.15,58.66,94.65,Good
S5796,53.55,92.86,84.6,Good
S5797,66.59,78.87,55.27,Average
S5798,73.04,52.97,70.41,Average
S5799,97.77,65.04,83.7,Good
S5800,65.67,80.82,78.72,Good
S5801,95.12,66.77,80.93,Good
S5802,61.44,75.66,78.36,Good
S5803,59.55,95.47,89.9,Good
S5804,75.95,67.5,66.02,Good
S5805,83.63,66.79,85.42,Good
S5806,52.22,90.99,99.55,Good
S5807,61.05,65.94,69.5,Average
S5808,72.78,53.9,89.55,Good
S5809,66.55,59.05,62.31,Average
S5810,85.63,97.44,64.09,Good
S5811,75.56,96.66,96.74,Excellent
S5812,58.02,61.24,51.3,Poor
S5813,94.72,77.68,60.87,Good
S5814,64.65,56.87,74.15,Average
S5815,86.56,83.73,70.09,Good
S5816,89.0,59.27,81.46,Good
S5817,98.16,52.49,59.64,Good
S5818,74.93,91.24,53.53,Good
S5819,80.79,66.27,68.47,Good
S5820,66.74,55.43,76.22,Average
S5821,83.91,91.7,78.1,Good
S5822,73.17,88.12,80.07,Good
S5823,71.88,84.19,77.43,Good
S5824,92.77,95.56,62.29,Good
S5825,52.51,74.46,88.23,Average
S5826,94.1,56.4,54.39,Good
S5827,92.6,53.07,59.92,Good
S5828,75.32,65.92,86.97,Good
S5829,74.51,54.34,63.99,Average
S5830,68.09,76.78,74.67,Good
S5831,99.71,50.72,66.36,Good
S5832,55.56,72.19,75.35,Average
S5833,79.51,58.92,67.33,Average
S5834,84.08,68.41,99.71,Good
S5835,96.72,83.75,67.87,Good
S5836,89.01,67.55,81.35,Good
S5837,82.19,67.07,94.42,Good
S5838,55.84,99.54,81.9,Good
S5839,68.69,85.94,78.29,Good
S5840,56.94,75.69,78.46,Average
S5841,94.06,78.97,74.82,Good
S5842,87.48,81.01,90.38,Excellent
S5843,87.88,51.23,52.52,Average
S5844,82.61,54.01,94.26,Good
S5845,75.35,82.46,79.31,Good
S5846,57.5,68.22,92.44,Good
S5847,66.48,52.77,50.52,Poor
S5848,56.85,64.88,93.46,Good
S5849,86.25,56.51,56.01,Average
S5850,58.01,95.82,86.06,Good
S5851,85.11,60.15,70.83,Good
S5852,84.61,57.18,84.05,Good
S5853,72.97,81.31,81.41,Good
S5854,56.76,76.1,58.17,Average
S5855,65.74,78.8,75.73,Good
S5856,66.0,71.8,63.86,Average
S5857,85.02,73.36,78.02,Good
S5858,55.69,88.94,86.9,Good
S5859,91.45,61.0,54.06,Good
S5860,88.05,69.83,75.79,Good
S5861,59.32,97.89,80.88,Good
S5862,85.96,59.5,64.77,Good
S5863,83.43,64.69,97.65,Good
S5864,87.41,59.58,76.02,Good
S5865,59.45,51.02,59.13,Poor
S5866,57.88,63.49,55.39,Poor
S5867,61.82,52.32,77.08,Average
S5868,68.29,57.73,68.76,Average
S5869,89.68,68.13,59.63,Good
S5870,86.9,51.04,51.53,Average
S5871,96.27,87.65,78.33,Excellent
S5872,52.93,89.78,79.93,Good
S5873,50.58,70.57,57.09,Poor
S5874,84.96,99.23,80.09,Excellent
S5875,63.96,83.95,97.6,Good
S5876,66.7,87.19,98.91,Good
S5877,77.34,59.62,94.42,Good
S5878,55.12,91.87,90.35,Good
S5879,82.13,97.25,60.47,Good
S5880,66.26,61.82,57.82,Average
S5881,81.64,84.32,72.25,Good
S5882,91.7,87.35,80.98,Excellent
S5883,58.56,65.26,92.53,Good
S5884,96.54,73.75,61.6,Good
S5885,76.53,54.88,73.98,Average
S5886,96.15,58.65,82.37,Good
S5887,60.39,53.08,72.28,Average
S5888,80.23,78.01,72.71,Good
S5889,70.19,81.26,61.26,Good
S5890,88.71,95.81,99.33,Excellent
S5891,80.3,77.11,73.76,Good
S5892,74.73,63.03,76.64,Good
S5893,95.65,52.97,60.93,Good
S5894,68.86,94.25,75.71,Good
S5895,61.0,73.94,62.77,Average
S5896,80.41,86.87,60.12,Good
S5897,81.2,50.73,63.79,Average
S5898,71.95,74.41,50.14,Average
S5899,74.33,66.29,78.51,Good
S5900,97.98,51.52,69.37,Good
S5901,86.63,88.78,94.93,Excellent
S5902,55.53,75.65,52.04,Average
S5903,60.61,66.66,52.16,Poor
S5904,98.78,90.29,94.29,Excellent
S5905,86.32,72.35,56.33,Good
S5906,95.75,50.17,50.11,Average
S5907,65.19,97.22,58.95,Good
S5908,87.09,62.78,91.19,Good
S5909,85.7,91.53,90.14,Excellent
S5910,64.73,90.82,67.01,Good
S5911,77.54,58.12,83.4,Good
S5912,81.37,73.7,75.36,Good
S5913,74.06,52.01,95.24,Good
S5914,91.36,67.73,52.82,Good
S5915,91.64,86.55,90.66,Excellent
S5916,92.53,61.85,58.53,Good
S5917,90.17,55.86,69.58,Good
S5918,74.4,75.36,59.6,Good
S5919,69.07,76.85,85.13,Good
S5920,91.57,83.79,83.92,Excellent
S5921,74.51,87.96,77.39,Good
S5922,62.32,84.79,84.91,Good
S5923,75.37,92.27,81.98,Good
S5924,57.09,61.15,88.82,Average
S5925,84.58,78.49,61.97,Good
S5926,66.8,68.0,71.45,Average
S5927,63.03,98.11,57.58,Good
S5928,97.83,72.01,71.48,Good
S5929,88.84,97.99,85.08,Excellent
S5930,89.35,88.45,84.57,Excellent
S5931,81.19,85.92,85.47,Good
S5932,91.96,74.58,65.44,Good
S5933,87.96,72.17,83.11,Good
S5934,79.94,76.33,68.37,Good
S5935,98.06,64.68,97.22,Excellent
S5936,59.58,95.23,67.17,Good
S5937,97.17,89.72,80.15,Excellent
S5938,70.07,90.07,87.51,Good
S5939,76.42,71.66,95.32,Good
S5940,56.14,53.55,71.9,Average
S5941,77.01,84.15,68.02,Good
S5942,80.56,68.72,71.5,Good
S5943,99.89,93.52,66.18,Excellent
S5944,98.76,89.02,82.7,Excellent
S5945,98.32,57.27,96.64,Excellent
S5946,67.42,80.09,56.3,Average
S5947,99.56,84.61,78.05,Excellent
S5948,72.77,78.41,94.88,Good
S5949,92.59,75.7,55.01,Good
S5950,60.82,61.39,74.69,Average
S5951,75.29,61.8,93.26,Good
S5952,98.3,88.4,95.02,Excellent
S5953,97.35,50.93,75.72,Good
S5954,84.19,88.95,51.25,Good
S5955,89.89,76.34,55.28,Good
S5956,58.82,96.81,79.34,Good
S5957,86.08,99.87,56.19,Good
S5958,80.9,83.17,57.47,Good
S5959,54.58,70.61,88.61,Average
S5960,55.66,73.75,87.53,Good
S5961,55.42,60.21,92.14,Average
S5962,86.22,54.96,55.29,Average
S5963,57.09,78.94,59.91,Average
S5964,73.39,90.27,91.65,Good
S5965,67.85,63.09,86.05,Good
S5966,77.53,70.98,90.3,Good
S5967,85.32,77.74,99.49,Excellent
S5968,84.24,95.39,93.22,Excellent
S5969,75.78,56.93,76.02,Good
S5970,73.22,61.84,65.54,Average
S5971,69.89,95.93,78.48,Good
S5972,93.1,51.98,81.93,Good
S5973,66.54,82.81,66.77,Good
S5974,62.97,81.98,88.55,Good
S5975,87.17,69.16,54.64,Good
S5976,67.99,73.41,88.97,Good
S5977,92.35,92.75,51.6,Good
S5978,66.39,58.25,74.9,Average
S5979,85.1,61.58,93.07,Good
S5980,52.26,75.62,54.32,Poor
S5981,69.28,70.49,75.89,Good
S5982,67.16,78.72,57.97,Average
S5983,90.83,96.04,94.74,Excellent
S5984,98.35,95.86,91.62,Excellent
S5985,73.04,61.5,96.7,Good
S5986,91.24,65.11,93.75,Good
S5987,84.98,58.1,86.83,Good
S5988,98.37,96.39,59.24,Excellent
S5989,90.56,69.89,65.13,Good
S5990,53.87,72.49,74.84,Average
S5991,85.66,90.13,79.44,Excellent
S5992,76.77,75.65,89.11,Good
S5993,50.82,55.99,61.35,Poor
S5994,62.57,71.89,56.41,Average
S5995,96.09,81.53,74.13,Excellent
S5996,96.3,85.96,57.89,Good
S5997,89.94,82.27,84.69,Excellent
S5998,99.09,55.96,78.78,Good
S5999,90.33,65.22,87.06,Good
